.codespell.ignore
.codespell.skip
.gitattributes
.gitignore
.markdownlintrc
.pre-commit-config.yaml
.pydocstyle.ini
.pylintrc
.secrets.baseline
CODE_OF_CONDUCT.md
LICENSE
README.md
SECURITY.md
pytest.ini
ruff.toml
repo_book_generator.py
.github/labeler.yml
.github/platform-drafter.yml
.github/pull_request_template.md
.github/release-drafter.yml
.github/ISSUE_TEMPLATE/bug_report.md
.github/ISSUE_TEMPLATE/enhancement.md
.github/ISSUE_TEMPLATE/feature_request.md
.github/ISSUE_TEMPLATE/oss-gg-hack-submission.yml
.github/PULL_REQUEST_TEMPLATE/obb_developer_pull_request_template.md
.github/PULL_REQUEST_TEMPLATE/platform_pull_request_template.md
.github/PULL_REQUEST_TEMPLATE/terminal_pull_request_template.md
.github/scripts/noxfile.py
.github/scripts/process_changelog.py
.github/scripts/summarize_changelog.py
.github/workflows/README.md
.github/workflows/build-desktop-osx64.yml
.github/workflows/build-desktop-osxARM.yml
.github/workflows/build-desktop-win64.yml
.github/workflows/codeql.yml
.github/workflows/draft-release.yml
.github/workflows/general-linting.yml
.github/workflows/gh-branch-name-check.yml
.github/workflows/gh-pr-labels.yml
.github/workflows/release-desktop.yml
.github/workflows/test-unit-cli.yml
.github/workflows/test-unit-desktop-osx64.yml
.github/workflows/test-unit-desktop-osxARM.yml
.github/workflows/test-unit-desktop-win64.yml
.github/workflows/test-unit-desktop-winARM.yml
.github/workflows/test-unit-platform.yml
assets/README.md
assets/extensions/obbject.json
assets/extensions/provider.json
assets/extensions/router.json
assets/scripts/generate_extension_data.py
cli/README.md
cli/poetry.lock
cli/pyproject.toml
cli/integration/test_commands.py
cli/integration/test_integration_base_controller.py
cli/integration/test_integration_base_platform_controller.py
cli/integration/test_integration_cli_controller.py
cli/integration/test_integration_obbject_registry.py
cli/openbb_cli/__init__.py
cli/openbb_cli/cli.py
cli/openbb_cli/session.py
cli/openbb_cli/argparse_translator/__init__.py
cli/openbb_cli/argparse_translator/argparse_argument.py
cli/openbb_cli/argparse_translator/argparse_class_processor.py
cli/openbb_cli/argparse_translator/argparse_translator.py
cli/openbb_cli/argparse_translator/obbject_registry.py
cli/openbb_cli/argparse_translator/reference_processor.py
cli/openbb_cli/argparse_translator/utils.py
cli/openbb_cli/assets/routines/routine_example.openbb
cli/openbb_cli/assets/styles/default/dark.mpfstyle.json
cli/openbb_cli/assets/styles/default/dark.mplrc.json
cli/openbb_cli/assets/styles/default/dark.mplstyle
cli/openbb_cli/assets/styles/default/dark.pltstyle.json
cli/openbb_cli/assets/styles/default/dark.richstyle.json
cli/openbb_cli/assets/styles/default/light.mpfstyle.json
cli/openbb_cli/assets/styles/default/light.mplrc.json
cli/openbb_cli/assets/styles/default/light.mplstyle
cli/openbb_cli/assets/styles/default/light.pltstyle.json
cli/openbb_cli/assets/styles/default/light.richstyle.json
cli/openbb_cli/assets/styles/default/tables.pltstyle.json
cli/openbb_cli/assets/styles/user/openbb.richstyle.json
cli/openbb_cli/config/__init__.py
cli/openbb_cli/config/completer.py
cli/openbb_cli/config/console.py
cli/openbb_cli/config/constants.py
cli/openbb_cli/config/menu_text.py
cli/openbb_cli/config/setup.py
cli/openbb_cli/config/style.py
cli/openbb_cli/controllers/base_controller.py
cli/openbb_cli/controllers/base_platform_controller.py
cli/openbb_cli/controllers/choices.py
cli/openbb_cli/controllers/cli_controller.py
cli/openbb_cli/controllers/platform_controller_factory.py
cli/openbb_cli/controllers/script_parser.py
cli/openbb_cli/controllers/settings_controller.py
cli/openbb_cli/controllers/utils.py
cli/openbb_cli/models/settings.py
cli/openbb_cli/utils/utils.py
cli/tests/__init__.py
cli/tests/test_argparse_translator.py
cli/tests/test_argparse_translator_obbject_registry.py
cli/tests/test_cli.py
cli/tests/test_config_completer.py
cli/tests/test_config_console.py
cli/tests/test_config_menu_text.py
cli/tests/test_config_setup.py
cli/tests/test_config_style.py
cli/tests/test_controllers_base_controller.py
cli/tests/test_controllers_base_platform_controller.py
cli/tests/test_controllers_choices.py
cli/tests/test_controllers_cli_controller.py
cli/tests/test_controllers_controller_factory.py
cli/tests/test_controllers_script_parser.py
cli/tests/test_controllers_settings_controller.py
cli/tests/test_controllers_utils.py
cli/tests/test_models_settings.py
cli/tests/test_session.py
cookiecutter/MANIFEST.in
cookiecutter/README.md
cookiecutter/cookiecutter.json
cookiecutter/pyproject.toml
cookiecutter/openbb_cookiecutter/__init__.py
cookiecutter/openbb_cookiecutter/cli.py
cookiecutter/openbb_cookiecutter/template/cookiecutter.json
cookiecutter/openbb_cookiecutter/template/hooks/post_gen_project.py
cookiecutter/openbb_cookiecutter/template/hooks/pre_gen_project.py
cookiecutter/openbb_cookiecutter/template/{{cookiecutter.project_tag}}/.gitignore
cookiecutter/openbb_cookiecutter/template/{{cookiecutter.project_tag}}/.secrets.baseline
cookiecutter/openbb_cookiecutter/template/{{cookiecutter.project_tag}}/README.md
cookiecutter/openbb_cookiecutter/template/{{cookiecutter.project_tag}}/pyproject.toml
cookiecutter/openbb_cookiecutter/template/{{cookiecutter.project_tag}}/pytest.ini
cookiecutter/openbb_cookiecutter/template/{{cookiecutter.project_tag}}/ruff.toml
cookiecutter/openbb_cookiecutter/template/{{cookiecutter.project_tag}}/tests/.gitkeep
cookiecutter/openbb_cookiecutter/template/{{cookiecutter.project_tag}}/tests/conftest.py
cookiecutter/openbb_cookiecutter/template/{{cookiecutter.project_tag}}/{{cookiecutter.package_name}}/obbject/__init__.py
cookiecutter/openbb_cookiecutter/template/{{cookiecutter.project_tag}}/{{cookiecutter.package_name}}/obbject/{{cookiecutter.obbject_name}}/__init__.py
cookiecutter/openbb_cookiecutter/template/{{cookiecutter.project_tag}}/{{cookiecutter.package_name}}/providers/__init__.py
cookiecutter/openbb_cookiecutter/template/{{cookiecutter.project_tag}}/{{cookiecutter.package_name}}/providers/{{cookiecutter.provider_name}}/__init__.py
cookiecutter/openbb_cookiecutter/template/{{cookiecutter.project_tag}}/{{cookiecutter.package_name}}/providers/{{cookiecutter.provider_name}}/models/__init__.py
cookiecutter/openbb_cookiecutter/template/{{cookiecutter.project_tag}}/{{cookiecutter.package_name}}/providers/{{cookiecutter.provider_name}}/models/example.py
cookiecutter/openbb_cookiecutter/template/{{cookiecutter.project_tag}}/{{cookiecutter.package_name}}/providers/{{cookiecutter.provider_name}}/models/ohlc_example.py
cookiecutter/openbb_cookiecutter/template/{{cookiecutter.project_tag}}/{{cookiecutter.package_name}}/providers/{{cookiecutter.provider_name}}/utils/__init__.py
cookiecutter/openbb_cookiecutter/template/{{cookiecutter.project_tag}}/{{cookiecutter.package_name}}/providers/{{cookiecutter.provider_name}}/utils/helpers.py
cookiecutter/openbb_cookiecutter/template/{{cookiecutter.project_tag}}/{{cookiecutter.package_name}}/routers/__init__.py
cookiecutter/openbb_cookiecutter/template/{{cookiecutter.project_tag}}/{{cookiecutter.package_name}}/routers/depends.py
cookiecutter/openbb_cookiecutter/template/{{cookiecutter.project_tag}}/{{cookiecutter.package_name}}/routers/{{cookiecutter.router_name}}.py
cookiecutter/openbb_cookiecutter/template/{{cookiecutter.project_tag}}/{{cookiecutter.package_name}}/routers/{{cookiecutter.router_name}}_views.py
desktop/.gitignore
desktop/Cargo.lock
desktop/Cargo.toml
desktop/LICENSE
desktop/README.md
desktop/eslint.config.mjs
desktop/index.html
desktop/package-lock.json
desktop/package.json
desktop/postcss.config.js
desktop/tailwind.config.js
desktop/tsconfig.json
desktop/tsconfig.node.json
desktop/vite.config.ts
desktop/vitest.config.ts
desktop/public/.gitkeep
desktop/src/main.tsx
desktop/src/routeTree.gen.ts
desktop/src/styles.css
desktop/src/vite-env.d.ts
desktop/src/components/AddExtensionSelector.tsx
desktop/src/components/BackendLogsPage.tsx
desktop/src/components/EnvironmentActions.tsx
desktop/src/components/GamestonkIcon.tsx
desktop/src/components/Icon.tsx
desktop/src/components/InstallComponents.tsx
desktop/src/components/JupyterLogsPage.tsx
desktop/src/components/SearchBar.tsx
desktop/src/components/ShowVersion.tsx
desktop/src/components/Toast.tsx
desktop/src/contexts/EnvironmentCreationContext.tsx
desktop/src/routes/__root.tsx
desktop/src/routes/api-keys.tsx
desktop/src/routes/backend-logs.tsx
desktop/src/routes/backends.tsx
desktop/src/routes/environments.tsx
desktop/src/routes/index.tsx
desktop/src/routes/installation-progress.tsx
desktop/src/routes/jupyter-logs.tsx
desktop/src/routes/setup.tsx
desktop/src/routes/uninstall.tsx
desktop/src/styles/jupyter-logs.css
desktop/src/tests/setup.ts
desktop/src/tests/utils.test.ts
desktop/src/tests/components/AddExtensionSelector.test.tsx
desktop/src/tests/components/BackendLogsPage.test.tsx
desktop/src/tests/components/Icon.test.tsx
desktop/src/tests/components/InstallComponents.test.tsx
desktop/src/tests/components/JupyterLogsPage.test.tsx
desktop/src/tests/components/SearchBar.test.tsx
desktop/src/tests/routes/__root.test.tsx
desktop/src/tests/routes/api-keys.test.tsx
desktop/src/tests/routes/backend-logs.test.tsx
desktop/src/tests/routes/backends.test.tsx
desktop/src/tests/routes/environments.test.tsx
desktop/src/tests/routes/index.test.tsx
desktop/src/tests/routes/installation-progress.test.tsx
desktop/src/tests/routes/jupyter-logs.test.tsx
desktop/src/tests/routes/setup.test.tsx
desktop/src/tests/routes/tauri-mock.test.ts
desktop/src/tests/routes/uninstall.test.tsx
desktop/src/utils/index.ts
desktop/src-tauri/.gitignore
desktop/src-tauri/Cargo.toml
desktop/src-tauri/LICENSE
desktop/src-tauri/build.rs
desktop/src-tauri/entitlements.plist
desktop/src-tauri/open-data-platform-SBOM-cargo.cdx.xml
desktop/src-tauri/open-data-platform-SBOM-npm.cdx.xml
desktop/src-tauri/tauri.conf.json
desktop/src-tauri/tauri.linux.conf.json
desktop/src-tauri/tauri.macos.conf.json
desktop/src-tauri/tauri.windows.conf.json
desktop/src-tauri/capabilities/default.json
desktop/src-tauri/capabilities/desktop.json
desktop/src-tauri/gen/.gitkeep
desktop/src-tauri/permissions/.gitkeep
desktop/src-tauri/scripts/fix_dylibs.sh
desktop/src-tauri/scripts/sign.ps1
desktop/src-tauri/src/main.rs
desktop/src-tauri/src/uninstall.rs
desktop/src-tauri/src/tauri_handlers/backends.rs
desktop/src-tauri/src/tauri_handlers/credentials.rs
desktop/src-tauri/src/tauri_handlers/environments.rs
desktop/src-tauri/src/tauri_handlers/helpers.rs
desktop/src-tauri/src/tauri_handlers/jupyter.rs
desktop/src-tauri/src/tauri_handlers/mod.rs
desktop/src-tauri/src/tauri_handlers/startup.rs
desktop/src-tauri/src/utils/app_termination.rs
desktop/src-tauri/src/utils/certs.rs
desktop/src-tauri/src/utils/command_sanitizer.rs
desktop/src-tauri/src/utils/mod.rs
desktop/src-tauri/src/utils/process_monitor.rs
desktop/src-tauri/src/utils/autostart/linux_autostart.rs
desktop/src-tauri/src/utils/autostart/macos_autostart.rs
desktop/src-tauri/src/utils/autostart/mod.rs
desktop/src-tauri/src/utils/autostart/windows_autostart.rs
examples/BacktestingMomentumTrading.ipynb
examples/COMMUNITY_EXAMPLE_TEMPLATE.ipynb
examples/EthereumTrendAnalysis.ipynb
examples/README.md
examples/content.json
examples/copperToGoldRatio.ipynb
examples/currencyExchangeRateForecasting.ipynb
examples/financialStatements.ipynb
examples/findSymbols.ipynb
examples/googleColab.ipynb
examples/impliedEarningsMove.ipynb
examples/loadHistoricalPriceData.ipynb
examples/mAndAImpact.ipynb
examples/openbbPlatformAsLLMTools.ipynb
examples/openbb_vs_langchain.ipynb
examples/platform_standardization.ipynb
examples/portfolioOptimizationUsingModernPortfolioTheory.ipynb
examples/riskReturnAnalysis.ipynb
examples/sectorRotationStrategy.ipynb
examples/usdLiquidityIndex.ipynb
examples/openbb-apachebeam/README.md
examples/openbb-apachebeam/requirements.txt
examples/openbb-apachebeam/tests/__init__.py
examples/openbb-apachebeam/tests/test_obb_pipeline.py
examples/streamlit/news.py
examples/streamlit/requirements.txt
frontend-components/plotly/.gitignore
frontend-components/plotly/README.md
frontend-components/plotly/index.html
frontend-components/plotly/package-lock.json
frontend-components/plotly/package.json
frontend-components/plotly/postcss.config.cjs
frontend-components/plotly/tailwind.config.cjs
frontend-components/plotly/tsconfig.json
frontend-components/plotly/tsconfig.node.json
frontend-components/plotly/vite.config.ts
frontend-components/plotly/src/App.tsx
frontend-components/plotly/src/index.css
frontend-components/plotly/src/main.tsx
frontend-components/plotly/src/components/AutoScaling.tsx
frontend-components/plotly/src/components/ChangeColor.tsx
frontend-components/plotly/src/components/Chart.tsx
frontend-components/plotly/src/components/Config.tsx
frontend-components/plotly/src/components/PlotlyConfig.tsx
frontend-components/plotly/src/components/ResizeHandler.tsx
frontend-components/plotly/src/components/Dialogs/AlertDialog.tsx
frontend-components/plotly/src/components/Dialogs/CommonDialog.tsx
frontend-components/plotly/src/components/Dialogs/OverlayChartDialog.tsx
frontend-components/plotly/src/components/Dialogs/TextChartDialog.tsx
frontend-components/plotly/src/components/Dialogs/TitleChartDialog.tsx
frontend-components/plotly/src/components/Icons/Close.tsx
frontend-components/plotly/src/components/Icons/CloseCircle.tsx
frontend-components/plotly/src/components/Icons/Info.tsx
frontend-components/plotly/src/components/Icons/Success.tsx
frontend-components/plotly/src/components/Icons/Warning.tsx
frontend-components/plotly/src/data/mockup.ts
frontend-components/plotly/src/utils/addAnnotation.tsx
frontend-components/plotly/src/utils/useClickOutside.tsx
frontend-components/plotly/src/utils/utils.ts
frontend-components/tables/.gitignore
frontend-components/tables/index.html
frontend-components/tables/package-lock.json
frontend-components/tables/package.json
frontend-components/tables/postcss.config.cjs
frontend-components/tables/tailwind.config.cjs
frontend-components/tables/tsconfig.json
frontend-components/tables/tsconfig.node.json
frontend-components/tables/vite.config.ts
frontend-components/tables/src/App.tsx
frontend-components/tables/src/index.css
frontend-components/tables/src/main.tsx
frontend-components/tables/src/vite-env.d.ts
frontend-components/tables/src/components/Chart.tsx
frontend-components/tables/src/components/Select.tsx
frontend-components/tables/src/components/Toast.tsx
frontend-components/tables/src/components/Icons/Close.tsx
frontend-components/tables/src/components/Icons/CloseCircle.tsx
frontend-components/tables/src/components/Icons/Info.tsx
frontend-components/tables/src/components/Icons/Success.tsx
frontend-components/tables/src/components/Icons/Warning.tsx
frontend-components/tables/src/components/Table/ColumnHeader.tsx
frontend-components/tables/src/components/Table/DebouncedInput.tsx
frontend-components/tables/src/components/Table/DownloadFinishedDialog.tsx
frontend-components/tables/src/components/Table/Export.tsx
frontend-components/tables/src/components/Table/FilterColumns.tsx
frontend-components/tables/src/components/Table/InderterminateCheckbox.tsx
frontend-components/tables/src/components/Table/Pagination.tsx
frontend-components/tables/src/components/Table/Timestamp.tsx
frontend-components/tables/src/components/Table/index.tsx
frontend-components/tables/src/data/mockup.ts
frontend-components/tables/src/utils/useClickOutside.tsx
frontend-components/tables/src/utils/useDarkMode.tsx
frontend-components/tables/src/utils/useLocalStorage.tsx
frontend-components/tables/src/utils/utils.ts
openbb_platform/CONTRIBUTING.md
openbb_platform/README.md
openbb_platform/conftest.py
openbb_platform/dev_install.py
openbb_platform/poetry.lock
openbb_platform/pyproject.toml
openbb_platform/core/README.md
openbb_platform/core/__init__.py
openbb_platform/core/poetry.lock
openbb_platform/core/pyproject.toml
openbb_platform/core/integration/test_obbject.py
openbb_platform/core/openbb/__init__.py
openbb_platform/core/openbb/py.typed
openbb_platform/core/openbb/assets/reference.json
openbb_platform/core/openbb/package/__init__.py
openbb_platform/core/openbb_core/__init__.py
openbb_platform/core/openbb_core/build.py
openbb_platform/core/openbb_core/env.py
openbb_platform/core/openbb_core/py.typed
openbb_platform/core/openbb_core/api/app_loader.py
openbb_platform/core/openbb_core/api/exception_handlers.py
openbb_platform/core/openbb_core/api/rest_api.py
openbb_platform/core/openbb_core/api/auth/user.py
openbb_platform/core/openbb_core/api/dependency/__init__.py
openbb_platform/core/openbb_core/api/dependency/coverage.py
openbb_platform/core/openbb_core/api/dependency/system.py
openbb_platform/core/openbb_core/api/router/__init__.py
openbb_platform/core/openbb_core/api/router/commands.py
openbb_platform/core/openbb_core/api/router/coverage.py
openbb_platform/core/openbb_core/api/router/system.py
openbb_platform/core/openbb_core/api/router/user.py
openbb_platform/core/openbb_core/api/router/helpers/__init__.py
openbb_platform/core/openbb_core/api/router/helpers/coverage_helpers.py
openbb_platform/core/openbb_core/app/__init__.py
openbb_platform/core/openbb_core/app/command_runner.py
openbb_platform/core/openbb_core/app/constants.py
openbb_platform/core/openbb_core/app/deprecation.py
openbb_platform/core/openbb_core/app/extension_loader.py
openbb_platform/core/openbb_core/app/provider_interface.py
openbb_platform/core/openbb_core/app/query.py
openbb_platform/core/openbb_core/app/router.py
openbb_platform/core/openbb_core/app/utils.py
openbb_platform/core/openbb_core/app/version.py
openbb_platform/core/openbb_core/app/logs/handlers_manager.py
openbb_platform/core/openbb_core/app/logs/logging_service.py
openbb_platform/core/openbb_core/app/logs/formatters/formatter_with_exceptions.py
openbb_platform/core/openbb_core/app/logs/handlers/path_tracking_file_handler.py
openbb_platform/core/openbb_core/app/logs/models/logging_settings.py
openbb_platform/core/openbb_core/app/logs/utils/expired_files.py
openbb_platform/core/openbb_core/app/logs/utils/utils.py
openbb_platform/core/openbb_core/app/model/__init__.py
openbb_platform/core/openbb_core/app/model/api_settings.py
openbb_platform/core/openbb_core/app/model/command_context.py
openbb_platform/core/openbb_core/app/model/credentials.py
openbb_platform/core/openbb_core/app/model/defaults.py
openbb_platform/core/openbb_core/app/model/example.py
openbb_platform/core/openbb_core/app/model/extension.py
openbb_platform/core/openbb_core/app/model/field.py
openbb_platform/core/openbb_core/app/model/metadata.py
openbb_platform/core/openbb_core/app/model/obbject.py
openbb_platform/core/openbb_core/app/model/preferences.py
openbb_platform/core/openbb_core/app/model/python_settings.py
openbb_platform/core/openbb_core/app/model/system_settings.py
openbb_platform/core/openbb_core/app/model/user_settings.py
openbb_platform/core/openbb_core/app/model/abstract/__init__.py
openbb_platform/core/openbb_core/app/model/abstract/error.py
openbb_platform/core/openbb_core/app/model/abstract/results.py
openbb_platform/core/openbb_core/app/model/abstract/singleton.py
openbb_platform/core/openbb_core/app/model/abstract/tagged.py
openbb_platform/core/openbb_core/app/model/abstract/warning.py
openbb_platform/core/openbb_core/app/model/charts/chart.py
openbb_platform/core/openbb_core/app/model/charts/charting_settings.py
openbb_platform/core/openbb_core/app/model/results/__init__.py
openbb_platform/core/openbb_core/app/model/results/empty.py
openbb_platform/core/openbb_core/app/service/auth_service.py
openbb_platform/core/openbb_core/app/service/system_service.py
openbb_platform/core/openbb_core/app/service/user_service.py
openbb_platform/core/openbb_core/app/static/__init__.py
openbb_platform/core/openbb_core/app/static/app_factory.py
openbb_platform/core/openbb_core/app/static/container.py
openbb_platform/core/openbb_core/app/static/coverage.py
openbb_platform/core/openbb_core/app/static/package_builder.py
openbb_platform/core/openbb_core/app/static/reference_loader.py
openbb_platform/core/openbb_core/app/static/utils/console.py
openbb_platform/core/openbb_core/app/static/utils/decorators.py
openbb_platform/core/openbb_core/app/static/utils/filters.py
openbb_platform/core/openbb_core/app/static/utils/linters.py
openbb_platform/core/openbb_core/provider/__init__.py
openbb_platform/core/openbb_core/provider/py.typed
openbb_platform/core/openbb_core/provider/query_executor.py
openbb_platform/core/openbb_core/provider/registry.py
openbb_platform/core/openbb_core/provider/registry_map.py
openbb_platform/core/openbb_core/provider/abstract/__init__.py
openbb_platform/core/openbb_core/provider/abstract/annotated_result.py
openbb_platform/core/openbb_core/provider/abstract/data.py
openbb_platform/core/openbb_core/provider/abstract/fetcher.py
openbb_platform/core/openbb_core/provider/abstract/provider.py
openbb_platform/core/openbb_core/provider/abstract/query_params.py
openbb_platform/core/openbb_core/provider/standard_models/__init__.py
openbb_platform/core/openbb_core/provider/standard_models/ameribor.py
openbb_platform/core/openbb_core/provider/standard_models/analyst_estimates.py
openbb_platform/core/openbb_core/provider/standard_models/analyst_search.py
openbb_platform/core/openbb_core/provider/standard_models/available_indicators.py
openbb_platform/core/openbb_core/provider/standard_models/available_indices.py
openbb_platform/core/openbb_core/provider/standard_models/balance_of_payments.py
openbb_platform/core/openbb_core/provider/standard_models/balance_sheet.py
openbb_platform/core/openbb_core/provider/standard_models/balance_sheet_growth.py
openbb_platform/core/openbb_core/provider/standard_models/bls_search.py
openbb_platform/core/openbb_core/provider/standard_models/bls_series.py
openbb_platform/core/openbb_core/provider/standard_models/bond_indices.py
openbb_platform/core/openbb_core/provider/standard_models/bond_prices.py
openbb_platform/core/openbb_core/provider/standard_models/bond_reference.py
openbb_platform/core/openbb_core/provider/standard_models/bond_trades.py
openbb_platform/core/openbb_core/provider/standard_models/calendar_dividend.py
openbb_platform/core/openbb_core/provider/standard_models/calendar_earnings.py
openbb_platform/core/openbb_core/provider/standard_models/calendar_events.py
openbb_platform/core/openbb_core/provider/standard_models/calendar_ipo.py
openbb_platform/core/openbb_core/provider/standard_models/calendar_splits.py
openbb_platform/core/openbb_core/provider/standard_models/cash_flow.py
openbb_platform/core/openbb_core/provider/standard_models/cash_flow_growth.py
openbb_platform/core/openbb_core/provider/standard_models/central_bank_holdings.py
openbb_platform/core/openbb_core/provider/standard_models/cik_map.py
openbb_platform/core/openbb_core/provider/standard_models/commercial_paper.py
openbb_platform/core/openbb_core/provider/standard_models/commodity_spot_prices.py
openbb_platform/core/openbb_core/provider/standard_models/company_filings.py
openbb_platform/core/openbb_core/provider/standard_models/company_news.py
openbb_platform/core/openbb_core/provider/standard_models/compare_company_facts.py
openbb_platform/core/openbb_core/provider/standard_models/compare_groups.py
openbb_platform/core/openbb_core/provider/standard_models/composite_leading_indicator.py
openbb_platform/core/openbb_core/provider/standard_models/consumer_price_index.py
openbb_platform/core/openbb_core/provider/standard_models/cot.py
openbb_platform/core/openbb_core/provider/standard_models/cot_search.py
openbb_platform/core/openbb_core/provider/standard_models/country_interest_rates.py
openbb_platform/core/openbb_core/provider/standard_models/country_profile.py
openbb_platform/core/openbb_core/provider/standard_models/crypto_historical.py
openbb_platform/core/openbb_core/provider/standard_models/crypto_search.py
openbb_platform/core/openbb_core/provider/standard_models/currency_historical.py
openbb_platform/core/openbb_core/provider/standard_models/currency_pairs.py
openbb_platform/core/openbb_core/provider/standard_models/currency_reference_rates.py
openbb_platform/core/openbb_core/provider/standard_models/currency_snapshots.py
openbb_platform/core/openbb_core/provider/standard_models/direction_of_trade.py
openbb_platform/core/openbb_core/provider/standard_models/discovery_filings.py
openbb_platform/core/openbb_core/provider/standard_models/dwpcr_rates.py
openbb_platform/core/openbb_core/provider/standard_models/earnings_call_transcript.py
openbb_platform/core/openbb_core/provider/standard_models/ecb_interest_rates.py
openbb_platform/core/openbb_core/provider/standard_models/economic_calendar.py
openbb_platform/core/openbb_core/provider/standard_models/economic_indicators.py
openbb_platform/core/openbb_core/provider/standard_models/equity_ftd.py
openbb_platform/core/openbb_core/provider/standard_models/equity_historical.py
openbb_platform/core/openbb_core/provider/standard_models/equity_info.py
openbb_platform/core/openbb_core/provider/standard_models/equity_nbbo.py
openbb_platform/core/openbb_core/provider/standard_models/equity_ownership.py
openbb_platform/core/openbb_core/provider/standard_models/equity_peers.py
openbb_platform/core/openbb_core/provider/standard_models/equity_performance.py
openbb_platform/core/openbb_core/provider/standard_models/equity_quote.py
openbb_platform/core/openbb_core/provider/standard_models/equity_screener.py
openbb_platform/core/openbb_core/provider/standard_models/equity_search.py
openbb_platform/core/openbb_core/provider/standard_models/equity_short_interest.py
openbb_platform/core/openbb_core/provider/standard_models/esg_risk_rating.py
openbb_platform/core/openbb_core/provider/standard_models/esg_score.py
openbb_platform/core/openbb_core/provider/standard_models/esg_sector.py
openbb_platform/core/openbb_core/provider/standard_models/etf_countries.py
openbb_platform/core/openbb_core/provider/standard_models/etf_equity_exposure.py
openbb_platform/core/openbb_core/provider/standard_models/etf_historical.py
openbb_platform/core/openbb_core/provider/standard_models/etf_historical_nav.py
openbb_platform/core/openbb_core/provider/standard_models/etf_holdings.py
openbb_platform/core/openbb_core/provider/standard_models/etf_info.py
openbb_platform/core/openbb_core/provider/standard_models/etf_performance.py
openbb_platform/core/openbb_core/provider/standard_models/etf_search.py
openbb_platform/core/openbb_core/provider/standard_models/etf_sectors.py
openbb_platform/core/openbb_core/provider/standard_models/euro_short_term_rate.py
openbb_platform/core/openbb_core/provider/standard_models/executive_compensation.py
openbb_platform/core/openbb_core/provider/standard_models/export_destinations.py
openbb_platform/core/openbb_core/provider/standard_models/fed_projections.py
openbb_platform/core/openbb_core/provider/standard_models/federal_funds_rate.py
openbb_platform/core/openbb_core/provider/standard_models/ffrmc.py
openbb_platform/core/openbb_core/provider/standard_models/financial_attributes.py
openbb_platform/core/openbb_core/provider/standard_models/financial_ratios.py
openbb_platform/core/openbb_core/provider/standard_models/form_13FHR.py
openbb_platform/core/openbb_core/provider/standard_models/forward_ebitda_estimates.py
openbb_platform/core/openbb_core/provider/standard_models/forward_eps_estimates.py
openbb_platform/core/openbb_core/provider/standard_models/forward_pe_estimates.py
openbb_platform/core/openbb_core/provider/standard_models/forward_sales_estimates.py
openbb_platform/core/openbb_core/provider/standard_models/fred_release_table.py
openbb_platform/core/openbb_core/provider/standard_models/fred_search.py
openbb_platform/core/openbb_core/provider/standard_models/fred_series.py
openbb_platform/core/openbb_core/provider/standard_models/futures_curve.py
openbb_platform/core/openbb_core/provider/standard_models/futures_historical.py
openbb_platform/core/openbb_core/provider/standard_models/futures_info.py
openbb_platform/core/openbb_core/provider/standard_models/futures_instruments.py
openbb_platform/core/openbb_core/provider/standard_models/gdp_forecast.py
openbb_platform/core/openbb_core/provider/standard_models/gdp_nominal.py
openbb_platform/core/openbb_core/provider/standard_models/gdp_real.py
openbb_platform/core/openbb_core/provider/standard_models/government_trades.py
openbb_platform/core/openbb_core/provider/standard_models/high_quality_market.py
openbb_platform/core/openbb_core/provider/standard_models/historical_attributes.py
openbb_platform/core/openbb_core/provider/standard_models/historical_dividends.py
openbb_platform/core/openbb_core/provider/standard_models/historical_employees.py
openbb_platform/core/openbb_core/provider/standard_models/historical_eps.py
openbb_platform/core/openbb_core/provider/standard_models/historical_market_cap.py
openbb_platform/core/openbb_core/provider/standard_models/historical_splits.py
openbb_platform/core/openbb_core/provider/standard_models/house_price_index.py
openbb_platform/core/openbb_core/provider/standard_models/income_statement.py
openbb_platform/core/openbb_core/provider/standard_models/income_statement_growth.py
openbb_platform/core/openbb_core/provider/standard_models/index_constituents.py
openbb_platform/core/openbb_core/provider/standard_models/index_historical.py
openbb_platform/core/openbb_core/provider/standard_models/index_info.py
openbb_platform/core/openbb_core/provider/standard_models/index_search.py
openbb_platform/core/openbb_core/provider/standard_models/index_sectors.py
openbb_platform/core/openbb_core/provider/standard_models/index_snapshots.py
openbb_platform/core/openbb_core/provider/standard_models/industry_pe.py
openbb_platform/core/openbb_core/provider/standard_models/insider_trading.py
openbb_platform/core/openbb_core/provider/standard_models/institutional_ownership.py
openbb_platform/core/openbb_core/provider/standard_models/iorb_rates.py
openbb_platform/core/openbb_core/provider/standard_models/key_executives.py
openbb_platform/core/openbb_core/provider/standard_models/key_metrics.py
openbb_platform/core/openbb_core/provider/standard_models/latest_attributes.py
openbb_platform/core/openbb_core/provider/standard_models/latest_financial_reports.py
openbb_platform/core/openbb_core/provider/standard_models/lbma_fixing.py
openbb_platform/core/openbb_core/provider/standard_models/management_discussion_analysis.py
openbb_platform/core/openbb_core/provider/standard_models/manufacturing_outlook_texas.py
openbb_platform/core/openbb_core/provider/standard_models/maritime_chokepoint_info.py
openbb_platform/core/openbb_core/provider/standard_models/maritime_chokepoint_volume.py
openbb_platform/core/openbb_core/provider/standard_models/market_movers.py
openbb_platform/core/openbb_core/provider/standard_models/market_snapshots.py
openbb_platform/core/openbb_core/provider/standard_models/money_measures.py
openbb_platform/core/openbb_core/provider/standard_models/mortgage_indices.py
openbb_platform/core/openbb_core/provider/standard_models/non_farm_payrolls.py
openbb_platform/core/openbb_core/provider/standard_models/nport_disclosure.py
openbb_platform/core/openbb_core/provider/standard_models/options_chains.py
openbb_platform/core/openbb_core/provider/standard_models/options_snapshots.py
openbb_platform/core/openbb_core/provider/standard_models/options_unusual.py
openbb_platform/core/openbb_core/provider/standard_models/otc_aggregate.py
openbb_platform/core/openbb_core/provider/standard_models/overnight_bank_funding_rate.py
openbb_platform/core/openbb_core/provider/standard_models/personal_consumption_expenditures.py
openbb_platform/core/openbb_core/provider/standard_models/petroleum_status_report.py
openbb_platform/core/openbb_core/provider/standard_models/port_info.py
openbb_platform/core/openbb_core/provider/standard_models/port_volume.py
openbb_platform/core/openbb_core/provider/standard_models/price_target.py
openbb_platform/core/openbb_core/provider/standard_models/price_target_consensus.py
openbb_platform/core/openbb_core/provider/standard_models/primary_dealer_fails.py
openbb_platform/core/openbb_core/provider/standard_models/primary_dealer_positioning.py
openbb_platform/core/openbb_core/provider/standard_models/recent_performance.py
openbb_platform/core/openbb_core/provider/standard_models/reported_financials.py
openbb_platform/core/openbb_core/provider/standard_models/retail_prices.py
openbb_platform/core/openbb_core/provider/standard_models/revenue_business_line.py
openbb_platform/core/openbb_core/provider/standard_models/revenue_geographic.py
openbb_platform/core/openbb_core/provider/standard_models/risk_premium.py
openbb_platform/core/openbb_core/provider/standard_models/search_attributes.py
openbb_platform/core/openbb_core/provider/standard_models/search_financial_attributes.py
openbb_platform/core/openbb_core/provider/standard_models/sector_pe.py
openbb_platform/core/openbb_core/provider/standard_models/sector_performance.py
openbb_platform/core/openbb_core/provider/standard_models/senior_loan_officer_survey.py
openbb_platform/core/openbb_core/provider/standard_models/share_price_index.py
openbb_platform/core/openbb_core/provider/standard_models/share_statistics.py
openbb_platform/core/openbb_core/provider/standard_models/short_term_energy_outlook.py
openbb_platform/core/openbb_core/provider/standard_models/short_volume.py
openbb_platform/core/openbb_core/provider/standard_models/sofr.py
openbb_platform/core/openbb_core/provider/standard_models/sonia_rates.py
openbb_platform/core/openbb_core/provider/standard_models/sp500_multiples.py
openbb_platform/core/openbb_core/provider/standard_models/spot.py
openbb_platform/core/openbb_core/provider/standard_models/survey_of_economic_conditions_chicago.py
openbb_platform/core/openbb_core/provider/standard_models/symbol_map.py
openbb_platform/core/openbb_core/provider/standard_models/tbffr.py
openbb_platform/core/openbb_core/provider/standard_models/tips_yields.py
openbb_platform/core/openbb_core/provider/standard_models/tmc.py
openbb_platform/core/openbb_core/provider/standard_models/top_retail.py
openbb_platform/core/openbb_core/provider/standard_models/trailing_dividend_yield.py
openbb_platform/core/openbb_core/provider/standard_models/treasury_auctions.py
openbb_platform/core/openbb_core/provider/standard_models/treasury_prices.py
openbb_platform/core/openbb_core/provider/standard_models/treasury_rates.py
openbb_platform/core/openbb_core/provider/standard_models/unemployment.py
openbb_platform/core/openbb_core/provider/standard_models/university_of_michigan.py
openbb_platform/core/openbb_core/provider/standard_models/world_news.py
openbb_platform/core/openbb_core/provider/standard_models/yield_curve.py
openbb_platform/core/openbb_core/provider/utils/__init__.py
openbb_platform/core/openbb_core/provider/utils/client.py
openbb_platform/core/openbb_core/provider/utils/descriptions.py
openbb_platform/core/openbb_core/provider/utils/errors.py
openbb_platform/core/openbb_core/provider/utils/helpers.py
openbb_platform/core/openbb_core/provider/utils/options_chains_properties.py
openbb_platform/core/tests/api/test_rest_api.py
openbb_platform/core/tests/api/test_auth/test_user_auth.py
openbb_platform/core/tests/api/test_dependency/__init__.py
openbb_platform/core/tests/api/test_dependency/test_coverage.py
openbb_platform/core/tests/api/test_dependency/test_system.py
openbb_platform/core/tests/api/test_router/__init__.py
openbb_platform/core/tests/api/test_router/test_router_coverage.py
openbb_platform/core/tests/api/test_router/test_router_system.py
openbb_platform/core/tests/api/test_router/test_router_user.py
openbb_platform/core/tests/app/__init__.py
openbb_platform/core/tests/app/test_command_runner.py
openbb_platform/core/tests/app/test_deprecation.py
openbb_platform/core/tests/app/test_extension_loader.py
openbb_platform/core/tests/app/test_platform_router.py
openbb_platform/core/tests/app/test_provider_interface.py
openbb_platform/core/tests/app/test_query.py
openbb_platform/core/tests/app/test_utils.py
openbb_platform/core/tests/app/logs/__init__.py
openbb_platform/core/tests/app/logs/test_handlers_manager.py
openbb_platform/core/tests/app/logs/test_logging_service.py
openbb_platform/core/tests/app/logs/formatters/__init__.py
openbb_platform/core/tests/app/logs/formatters/test_formatter_with_exceptions.py
openbb_platform/core/tests/app/logs/handlers/__init__.py
openbb_platform/core/tests/app/logs/handlers/test_path_tracking_file_handler.py
openbb_platform/core/tests/app/logs/utils/__init__.py
openbb_platform/core/tests/app/logs/utils/test_expired_files.py
openbb_platform/core/tests/app/logs/utils/test_utils.py
openbb_platform/core/tests/app/model/__init__.py
openbb_platform/core/tests/app/model/test_command_context.py
openbb_platform/core/tests/app/model/test_credentials.py
openbb_platform/core/tests/app/model/test_defaults.py
openbb_platform/core/tests/app/model/test_extension.py
openbb_platform/core/tests/app/model/test_metadata.py
openbb_platform/core/tests/app/model/test_obbject.py
openbb_platform/core/tests/app/model/test_preferences.py
openbb_platform/core/tests/app/model/test_system_settings.py
openbb_platform/core/tests/app/model/test_user_settings.py
openbb_platform/core/tests/app/model/abstract/__init__.py
openbb_platform/core/tests/app/model/abstract/test_results.py
openbb_platform/core/tests/app/model/abstract/test_singleton.py
openbb_platform/core/tests/app/model/abstract/test_tagged.py
openbb_platform/core/tests/app/model/abstract/test_warning.py
openbb_platform/core/tests/app/model/charts/__init__.py
openbb_platform/core/tests/app/model/charts/test_chart.py
openbb_platform/core/tests/app/results/__init__.py
openbb_platform/core/tests/app/results/test_empty.py
openbb_platform/core/tests/app/service/__init__.py
openbb_platform/core/tests/app/service/test_system_service.py
openbb_platform/core/tests/app/service/test_user_service.py
openbb_platform/core/tests/app/static/__init__.py
openbb_platform/core/tests/app/static/test_app_factory.py
openbb_platform/core/tests/app/static/test_container.py
openbb_platform/core/tests/app/static/test_coverage.py
openbb_platform/core/tests/app/static/test_filters.py
openbb_platform/core/tests/app/static/test_package_builder.py
openbb_platform/core/tests/app/static/test_reference_loader.py
openbb_platform/core/tests/app/static/utils/test_linters.py
openbb_platform/core/tests/provider/test_query_executor.py
openbb_platform/core/tests/provider/test_registry.py
openbb_platform/core/tests/provider/test_registry_map.py
openbb_platform/core/tests/provider/abstract/test_data.py
openbb_platform/core/tests/provider/abstract/test_fetcher.py
openbb_platform/core/tests/provider/abstract/test_provider.py
openbb_platform/core/tests/provider/abstract/test_query_params.py
openbb_platform/core/tests/provider/standard_models/test_standard_models.py
openbb_platform/core/tests/provider/utils/test_client.py
openbb_platform/core/tests/provider/utils/test_descriptions.py
openbb_platform/core/tests/provider/utils/test_errors.py
openbb_platform/core/tests/provider/utils/test_helpers.py
openbb_platform/extensions/README.md
openbb_platform/extensions/__init__.py
openbb_platform/extensions/commodity/README.md
openbb_platform/extensions/commodity/poetry.lock
openbb_platform/extensions/commodity/pyproject.toml
openbb_platform/extensions/commodity/integration/test_commodity_api.py
openbb_platform/extensions/commodity/integration/test_commodity_python.py
openbb_platform/extensions/commodity/openbb_commodity/__init__.py
openbb_platform/extensions/commodity/openbb_commodity/commodity_router.py
openbb_platform/extensions/commodity/openbb_commodity/price/__init__.py
openbb_platform/extensions/commodity/openbb_commodity/price/price_router.py
openbb_platform/extensions/crypto/README.md
openbb_platform/extensions/crypto/poetry.lock
openbb_platform/extensions/crypto/pyproject.toml
openbb_platform/extensions/crypto/integration/test_crypto_api.py
openbb_platform/extensions/crypto/integration/test_crypto_python.py
openbb_platform/extensions/crypto/openbb_crypto/__init__.py
openbb_platform/extensions/crypto/openbb_crypto/crypto_router.py
openbb_platform/extensions/crypto/openbb_crypto/crypto_views.py
openbb_platform/extensions/crypto/openbb_crypto/py.typed
openbb_platform/extensions/crypto/openbb_crypto/price/__init__.py
openbb_platform/extensions/crypto/openbb_crypto/price/price_router.py
openbb_platform/extensions/crypto/tests/.gitkeep
openbb_platform/extensions/currency/README.md
openbb_platform/extensions/currency/poetry.lock
openbb_platform/extensions/currency/pyproject.toml
openbb_platform/extensions/currency/integration/test_currency_api.py
openbb_platform/extensions/currency/integration/test_currency_python.py
openbb_platform/extensions/currency/openbb_currency/__init__.py
openbb_platform/extensions/currency/openbb_currency/currency_router.py
openbb_platform/extensions/currency/openbb_currency/currency_views.py
openbb_platform/extensions/currency/openbb_currency/py.typed
openbb_platform/extensions/currency/openbb_currency/price/__init__.py
openbb_platform/extensions/currency/openbb_currency/price/price_router.py
openbb_platform/extensions/currency/tests/.gitkeep
openbb_platform/extensions/derivatives/README.md
openbb_platform/extensions/derivatives/poetry.lock
openbb_platform/extensions/derivatives/pyproject.toml
openbb_platform/extensions/derivatives/integration/test_derivatives_api.py
openbb_platform/extensions/derivatives/integration/test_derivatives_python.py
openbb_platform/extensions/derivatives/openbb_derivatives/__init__.py
openbb_platform/extensions/derivatives/openbb_derivatives/derivatives_router.py
openbb_platform/extensions/derivatives/openbb_derivatives/derivatives_views.py
openbb_platform/extensions/derivatives/openbb_derivatives/futures/__init__.py
openbb_platform/extensions/derivatives/openbb_derivatives/futures/futures_router.py
openbb_platform/extensions/derivatives/openbb_derivatives/options/__init__.py
openbb_platform/extensions/derivatives/openbb_derivatives/options/options_router.py
openbb_platform/extensions/derivatives/tests/.gitkeep
openbb_platform/extensions/devtools/README.md
openbb_platform/extensions/devtools/poetry.lock
openbb_platform/extensions/devtools/pyproject.toml
openbb_platform/extensions/devtools/integration/.gitkeep
openbb_platform/extensions/devtools/openbb_devtools/__init__.py
openbb_platform/extensions/econometrics/README.md
openbb_platform/extensions/econometrics/poetry.lock
openbb_platform/extensions/econometrics/pyproject.toml
openbb_platform/extensions/econometrics/integration/test_econometrics_api.py
openbb_platform/extensions/econometrics/integration/test_econometrics_python.py
openbb_platform/extensions/econometrics/openbb_econometrics/__init__.py
openbb_platform/extensions/econometrics/openbb_econometrics/econometrics_router.py
openbb_platform/extensions/econometrics/openbb_econometrics/econometrics_views.py
openbb_platform/extensions/econometrics/openbb_econometrics/py.typed
openbb_platform/extensions/econometrics/openbb_econometrics/utils.py
openbb_platform/extensions/econometrics/tests/test_econometrics_utils.py
openbb_platform/extensions/economy/README.md
openbb_platform/extensions/economy/poetry.lock
openbb_platform/extensions/economy/pyproject.toml
openbb_platform/extensions/economy/integration/test_economy_api.py
openbb_platform/extensions/economy/integration/test_economy_python.py
openbb_platform/extensions/economy/openbb_economy/__init__.py
openbb_platform/extensions/economy/openbb_economy/economy_router.py
openbb_platform/extensions/economy/openbb_economy/economy_views.py
openbb_platform/extensions/economy/openbb_economy/py.typed
openbb_platform/extensions/economy/openbb_economy/gdp/gdp_router.py
openbb_platform/extensions/economy/openbb_economy/shipping/__init__.py
openbb_platform/extensions/economy/openbb_economy/shipping/shipping_router.py
openbb_platform/extensions/economy/openbb_economy/survey/survey_router.py
openbb_platform/extensions/economy/tests/.gitkeep
openbb_platform/extensions/equity/README.md
openbb_platform/extensions/equity/poetry.lock
openbb_platform/extensions/equity/pyproject.toml
openbb_platform/extensions/equity/integration/test_equity_api.py
openbb_platform/extensions/equity/integration/test_equity_python.py
openbb_platform/extensions/equity/openbb_equity/__init__.py
openbb_platform/extensions/equity/openbb_equity/equity_router.py
openbb_platform/extensions/equity/openbb_equity/equity_views.py
openbb_platform/extensions/equity/openbb_equity/py.typed
openbb_platform/extensions/equity/openbb_equity/calendar/__init__.py
openbb_platform/extensions/equity/openbb_equity/calendar/calendar_router.py
openbb_platform/extensions/equity/openbb_equity/compare/__init__.py
openbb_platform/extensions/equity/openbb_equity/compare/compare_router.py
openbb_platform/extensions/equity/openbb_equity/darkpool/__init__.py
openbb_platform/extensions/equity/openbb_equity/darkpool/darkpool_router.py
openbb_platform/extensions/equity/openbb_equity/discovery/__init__.py
openbb_platform/extensions/equity/openbb_equity/discovery/discovery_router.py
openbb_platform/extensions/equity/openbb_equity/estimates/__init__.py
openbb_platform/extensions/equity/openbb_equity/estimates/estimates_router.py
openbb_platform/extensions/equity/openbb_equity/fundamental/__init__.py
openbb_platform/extensions/equity/openbb_equity/fundamental/fundamental_router.py
openbb_platform/extensions/equity/openbb_equity/ownership/__init__.py
openbb_platform/extensions/equity/openbb_equity/ownership/ownership_router.py
openbb_platform/extensions/equity/openbb_equity/price/__init__.py
openbb_platform/extensions/equity/openbb_equity/price/price_router.py
openbb_platform/extensions/equity/openbb_equity/shorts/__init__.py
openbb_platform/extensions/equity/openbb_equity/shorts/shorts_router.py
openbb_platform/extensions/equity/tests/.gitkeep
openbb_platform/extensions/etf/README.md
openbb_platform/extensions/etf/poetry.lock
openbb_platform/extensions/etf/pyproject.toml
openbb_platform/extensions/etf/integration/test_etf_api.py
openbb_platform/extensions/etf/integration/test_etf_python.py
openbb_platform/extensions/etf/openbb_etf/__init__.py
openbb_platform/extensions/etf/openbb_etf/etf_router.py
openbb_platform/extensions/etf/openbb_etf/etf_views.py
openbb_platform/extensions/etf/openbb_etf/py.typed
openbb_platform/extensions/etf/openbb_etf/discovery/__init__.py
openbb_platform/extensions/etf/openbb_etf/discovery/discovery_router.py
openbb_platform/extensions/etf/tests/.gitkeep
openbb_platform/extensions/famafrench/integration/__init__.py
openbb_platform/extensions/famafrench/integration/test_famafrench_api.py
openbb_platform/extensions/famafrench/integration/test_famafrench_python.py
openbb_platform/extensions/fixedincome/README.md
openbb_platform/extensions/fixedincome/poetry.lock
openbb_platform/extensions/fixedincome/pyproject.toml
openbb_platform/extensions/fixedincome/integration/test_fixedincome_api.py
openbb_platform/extensions/fixedincome/integration/test_fixedincome_python.py
openbb_platform/extensions/fixedincome/openbb_fixedincome/__init__.py
openbb_platform/extensions/fixedincome/openbb_fixedincome/fixedincome_router.py
openbb_platform/extensions/fixedincome/openbb_fixedincome/fixedincome_views.py
openbb_platform/extensions/fixedincome/openbb_fixedincome/py.typed
openbb_platform/extensions/fixedincome/openbb_fixedincome/corporate/__init__.py
openbb_platform/extensions/fixedincome/openbb_fixedincome/corporate/corporate_router.py
openbb_platform/extensions/fixedincome/openbb_fixedincome/government/__init__.py
openbb_platform/extensions/fixedincome/openbb_fixedincome/government/government_router.py
openbb_platform/extensions/fixedincome/openbb_fixedincome/rate/__init__.py
openbb_platform/extensions/fixedincome/openbb_fixedincome/rate/rate_router.py
openbb_platform/extensions/fixedincome/openbb_fixedincome/spreads/__init__.py
openbb_platform/extensions/fixedincome/openbb_fixedincome/spreads/spreads_router.py
openbb_platform/extensions/fixedincome/tests/.gitkeep
openbb_platform/extensions/index/README.md
openbb_platform/extensions/index/poetry.lock
openbb_platform/extensions/index/pyproject.toml
openbb_platform/extensions/index/integration/test_index_api.py
openbb_platform/extensions/index/integration/test_index_python.py
openbb_platform/extensions/index/openbb_index/__init__.py
openbb_platform/extensions/index/openbb_index/index_router.py
openbb_platform/extensions/index/openbb_index/index_views.py
openbb_platform/extensions/index/openbb_index/py.typed
openbb_platform/extensions/index/openbb_index/price/__init__.py
openbb_platform/extensions/index/openbb_index/price/price_router.py
openbb_platform/extensions/index/tests/.gitkeep
openbb_platform/extensions/mcp_server/README.md
openbb_platform/extensions/mcp_server/poetry.lock
openbb_platform/extensions/mcp_server/pyproject.toml
openbb_platform/extensions/mcp_server/integration/.gitkeep
openbb_platform/extensions/mcp_server/openbb_mcp_server/__init__.py
openbb_platform/extensions/mcp_server/openbb_mcp_server/py.typed
openbb_platform/extensions/mcp_server/openbb_mcp_server/app/__init__.py
openbb_platform/extensions/mcp_server/openbb_mcp_server/app/app.py
openbb_platform/extensions/mcp_server/openbb_mcp_server/app/auth.py
openbb_platform/extensions/mcp_server/openbb_mcp_server/models/__init__.py
openbb_platform/extensions/mcp_server/openbb_mcp_server/models/mcp_config.py
openbb_platform/extensions/mcp_server/openbb_mcp_server/models/prompts.py
openbb_platform/extensions/mcp_server/openbb_mcp_server/models/registry.py
openbb_platform/extensions/mcp_server/openbb_mcp_server/models/settings.py
openbb_platform/extensions/mcp_server/openbb_mcp_server/models/tools.py
openbb_platform/extensions/mcp_server/openbb_mcp_server/service/__init__.py
openbb_platform/extensions/mcp_server/openbb_mcp_server/service/mcp_service.py
openbb_platform/extensions/mcp_server/openbb_mcp_server/utils/__init__.py
openbb_platform/extensions/mcp_server/openbb_mcp_server/utils/app_import.py
openbb_platform/extensions/mcp_server/openbb_mcp_server/utils/fastapi.py
openbb_platform/extensions/mcp_server/tests/app/test_app.py
openbb_platform/extensions/mcp_server/tests/app/test_auth.py
openbb_platform/extensions/mcp_server/tests/app/test_server_prompts.py
openbb_platform/extensions/mcp_server/tests/models/test_mcp_config.py
openbb_platform/extensions/mcp_server/tests/models/test_mcp_registry.py
openbb_platform/extensions/mcp_server/tests/models/test_mcp_settings.py
openbb_platform/extensions/mcp_server/tests/models/test_prompts.py
openbb_platform/extensions/mcp_server/tests/models/test_tools.py
openbb_platform/extensions/mcp_server/tests/service/test_mcp_service.py
openbb_platform/extensions/mcp_server/tests/utils/test_app_import.py
openbb_platform/extensions/mcp_server/tests/utils/test_compress_schema.py
openbb_platform/extensions/mcp_server/tests/utils/test_fastapi.py
openbb_platform/extensions/news/README.md
openbb_platform/extensions/news/poetry.lock
openbb_platform/extensions/news/pyproject.toml
openbb_platform/extensions/news/integration/test_news_api.py
openbb_platform/extensions/news/integration/test_news_python.py
openbb_platform/extensions/news/openbb_news/__init__.py
openbb_platform/extensions/news/openbb_news/news_router.py
openbb_platform/extensions/news/openbb_news/py.typed
openbb_platform/extensions/news/tests/.gitkeep
openbb_platform/extensions/platform_api/README.md
openbb_platform/extensions/platform_api/poetry.lock
openbb_platform/extensions/platform_api/pyproject.toml
openbb_platform/extensions/platform_api/integration/.gitkeep
openbb_platform/extensions/platform_api/openbb_platform_api/__init__.py
openbb_platform/extensions/platform_api/openbb_platform_api/main.py
openbb_platform/extensions/platform_api/openbb_platform_api/query_models.py
openbb_platform/extensions/platform_api/openbb_platform_api/response_models.py
openbb_platform/extensions/platform_api/openbb_platform_api/assets/default_apps.json
openbb_platform/extensions/platform_api/openbb_platform_api/assets/landing_page.html
openbb_platform/extensions/platform_api/openbb_platform_api/utils/__init__.py
openbb_platform/extensions/platform_api/openbb_platform_api/utils/api.py
openbb_platform/extensions/platform_api/openbb_platform_api/utils/openapi.py
openbb_platform/extensions/platform_api/openbb_platform_api/utils/widgets.py
openbb_platform/extensions/platform_api/tests/mock_openapi.json
openbb_platform/extensions/platform_api/tests/mock_widgets.json
openbb_platform/extensions/platform_api/tests/test_api.py
openbb_platform/extensions/platform_api/tests/test_openapi_utils.py
openbb_platform/extensions/platform_api/tests/test_widgets_utils.py
openbb_platform/extensions/quantitative/README.md
openbb_platform/extensions/quantitative/poetry.lock
openbb_platform/extensions/quantitative/pyproject.toml
openbb_platform/extensions/quantitative/integration/test_quantitative_api.py
openbb_platform/extensions/quantitative/integration/test_quantitative_python.py
openbb_platform/extensions/quantitative/openbb_quantitative/__init__.py
openbb_platform/extensions/quantitative/openbb_quantitative/helpers.py
openbb_platform/extensions/quantitative/openbb_quantitative/models.py
openbb_platform/extensions/quantitative/openbb_quantitative/py.typed
openbb_platform/extensions/quantitative/openbb_quantitative/quantitative_router.py
openbb_platform/extensions/quantitative/openbb_quantitative/statistics.py
openbb_platform/extensions/quantitative/openbb_quantitative/performance/performance_router.py
openbb_platform/extensions/quantitative/openbb_quantitative/rolling/rolling_router.py
openbb_platform/extensions/quantitative/openbb_quantitative/stats/stats_router.py
openbb_platform/extensions/quantitative/tests/test_quantitative_helpers.py
openbb_platform/extensions/quantitative/tests/test_statistics.py
openbb_platform/extensions/regulators/README.md
openbb_platform/extensions/regulators/poetry.lock
openbb_platform/extensions/regulators/pyproject.toml
openbb_platform/extensions/regulators/integration/test_regulators_api.py
openbb_platform/extensions/regulators/integration/test_regulators_python.py
openbb_platform/extensions/regulators/openbb_regulators/__init__.py
openbb_platform/extensions/regulators/openbb_regulators/regulators_router.py
openbb_platform/extensions/regulators/openbb_regulators/cftc/__init__.py
openbb_platform/extensions/regulators/openbb_regulators/cftc/cftc_router.py
openbb_platform/extensions/regulators/openbb_regulators/sec/__init__.py
openbb_platform/extensions/regulators/openbb_regulators/sec/sec_router.py
openbb_platform/extensions/technical/README.md
openbb_platform/extensions/technical/poetry.lock
openbb_platform/extensions/technical/pyproject.toml
openbb_platform/extensions/technical/integration/test_technical_api.py
openbb_platform/extensions/technical/integration/test_technical_python.py
openbb_platform/extensions/technical/openbb_technical/__init__.py
openbb_platform/extensions/technical/openbb_technical/helpers.py
openbb_platform/extensions/technical/openbb_technical/py.typed
openbb_platform/extensions/technical/openbb_technical/relative_rotation.py
openbb_platform/extensions/technical/openbb_technical/technical_router.py
openbb_platform/extensions/technical/openbb_technical/technical_views.py
openbb_platform/extensions/technical/tests/test_technical_helpers.py
openbb_platform/extensions/tests/__init__.py
openbb_platform/extensions/tests/conftest.py
openbb_platform/extensions/tests/test_docstring_examples.py
openbb_platform/extensions/tests/test_integration_tests_api.py
openbb_platform/extensions/tests/test_integration_tests_python.py
openbb_platform/extensions/tests/test_routers.py
openbb_platform/extensions/tests/utils/__init__.py
openbb_platform/extensions/tests/utils/helpers.py
openbb_platform/extensions/tests/utils/integration_tests_api_generator.py
openbb_platform/extensions/tests/utils/integration_tests_generator.py
openbb_platform/extensions/tests/utils/integration_tests_testers.py
openbb_platform/extensions/tests/utils/router_testers.py
openbb_platform/extensions/uscongress/__init__.py
openbb_platform/extensions/uscongress/integration/test_uscongress_api.py
openbb_platform/extensions/uscongress/integration/test_uscongress_python.py
openbb_platform/obbject_extensions/charting/README.md
openbb_platform/obbject_extensions/charting/examples.md
openbb_platform/obbject_extensions/charting/index.md
openbb_platform/obbject_extensions/charting/indicators.md
openbb_platform/obbject_extensions/charting/installation.md
openbb_platform/obbject_extensions/charting/poetry.lock
openbb_platform/obbject_extensions/charting/pyproject.toml
openbb_platform/obbject_extensions/charting/integration/test_charting_api.py
openbb_platform/obbject_extensions/charting/integration/test_charting_python.py
openbb_platform/obbject_extensions/charting/openbb_charting/__init__.py
openbb_platform/obbject_extensions/charting/openbb_charting/charting.py
openbb_platform/obbject_extensions/charting/openbb_charting/query_params.py
openbb_platform/obbject_extensions/charting/openbb_charting/charts/__init__.py
openbb_platform/obbject_extensions/charting/openbb_charting/charts/correlation_matrix.py
openbb_platform/obbject_extensions/charting/openbb_charting/charts/generic_charts.py
openbb_platform/obbject_extensions/charting/openbb_charting/charts/helpers.py
openbb_platform/obbject_extensions/charting/openbb_charting/charts/price_historical.py
openbb_platform/obbject_extensions/charting/openbb_charting/charts/price_performance.py
openbb_platform/obbject_extensions/charting/openbb_charting/charts/relative_rotation.py
openbb_platform/obbject_extensions/charting/openbb_charting/core/__init__.py
openbb_platform/obbject_extensions/charting/openbb_charting/core/backend.py
openbb_platform/obbject_extensions/charting/openbb_charting/core/chart_style.py
openbb_platform/obbject_extensions/charting/openbb_charting/core/dummy_backend.py
openbb_platform/obbject_extensions/charting/openbb_charting/core/openbb_figure.py
openbb_platform/obbject_extensions/charting/openbb_charting/core/plotly.html
openbb_platform/obbject_extensions/charting/openbb_charting/core/table.html
openbb_platform/obbject_extensions/charting/openbb_charting/core/to_chart.py
openbb_platform/obbject_extensions/charting/openbb_charting/core/assets/plotly-3.1.0.min.js
openbb_platform/obbject_extensions/charting/openbb_charting/core/config/__init__.py
openbb_platform/obbject_extensions/charting/openbb_charting/core/config/openbb_styles.py
openbb_platform/obbject_extensions/charting/openbb_charting/core/plotly_ta/__init__.py
openbb_platform/obbject_extensions/charting/openbb_charting/core/plotly_ta/base.py
openbb_platform/obbject_extensions/charting/openbb_charting/core/plotly_ta/data_classes.py
openbb_platform/obbject_extensions/charting/openbb_charting/core/plotly_ta/ta_class.py
openbb_platform/obbject_extensions/charting/openbb_charting/core/plotly_ta/ta_helpers.py
openbb_platform/obbject_extensions/charting/openbb_charting/core/plotly_ta/plugins/__init__.py
openbb_platform/obbject_extensions/charting/openbb_charting/core/plotly_ta/plugins/custom_indicators_plugin.py
openbb_platform/obbject_extensions/charting/openbb_charting/core/plotly_ta/plugins/momentum_plugin.py
openbb_platform/obbject_extensions/charting/openbb_charting/core/plotly_ta/plugins/overlap_plugin.py
openbb_platform/obbject_extensions/charting/openbb_charting/core/plotly_ta/plugins/trend_indicators_plugin.py
openbb_platform/obbject_extensions/charting/openbb_charting/core/plotly_ta/plugins/volatility_plugin.py
openbb_platform/obbject_extensions/charting/openbb_charting/core/plotly_ta/plugins/volume_plugin.py
openbb_platform/obbject_extensions/charting/openbb_charting/styles/__init__.py
openbb_platform/obbject_extensions/charting/openbb_charting/styles/colors.py
openbb_platform/obbject_extensions/charting/openbb_charting/styles/default/dark.pltstyle.json
openbb_platform/obbject_extensions/charting/openbb_charting/styles/default/light.pltstyle.json
openbb_platform/obbject_extensions/charting/openbb_charting/styles/default/tables.pltstyle.json
openbb_platform/obbject_extensions/charting/tests/__init__.py
openbb_platform/obbject_extensions/charting/tests/test_charting.py
openbb_platform/obbject_extensions/charting/tests/test_charting_core_ta_helpers.py
openbb_platform/providers/README.md
openbb_platform/providers/__init__.py
openbb_platform/providers/alpha_vantage/README.md
openbb_platform/providers/alpha_vantage/__init__.py
openbb_platform/providers/alpha_vantage/poetry.lock
openbb_platform/providers/alpha_vantage/pyproject.toml
openbb_platform/providers/alpha_vantage/openbb_alpha_vantage/__init__.py
openbb_platform/providers/alpha_vantage/openbb_alpha_vantage/py.typed
openbb_platform/providers/alpha_vantage/openbb_alpha_vantage/models/__init__.py
openbb_platform/providers/alpha_vantage/openbb_alpha_vantage/models/equity_historical.py
openbb_platform/providers/alpha_vantage/openbb_alpha_vantage/models/historical_eps.py
openbb_platform/providers/alpha_vantage/openbb_alpha_vantage/utils/__init__.py
openbb_platform/providers/alpha_vantage/openbb_alpha_vantage/utils/helpers.py
openbb_platform/providers/alpha_vantage/tests/__init__.py
openbb_platform/providers/alpha_vantage/tests/test_alpha_vantage_fetchers.py
openbb_platform/providers/alpha_vantage/tests/record/http/test_alpha_vantage_fetchers/test_av_equity_historical_fetcher_urllib3_v2.yaml
openbb_platform/providers/alpha_vantage/tests/record/http/test_alpha_vantage_fetchers/test_av_historical_eps_fetcher_urllib3_v2.yaml
openbb_platform/providers/benzinga/README.md
openbb_platform/providers/benzinga/__init__.py
openbb_platform/providers/benzinga/poetry.lock
openbb_platform/providers/benzinga/pyproject.toml
openbb_platform/providers/benzinga/openbb_benzinga/__init__.py
openbb_platform/providers/benzinga/openbb_benzinga/py.typed
openbb_platform/providers/benzinga/openbb_benzinga/models/__init__.py
openbb_platform/providers/benzinga/openbb_benzinga/models/analyst_search.py
openbb_platform/providers/benzinga/openbb_benzinga/models/company_news.py
openbb_platform/providers/benzinga/openbb_benzinga/models/price_target.py
openbb_platform/providers/benzinga/openbb_benzinga/models/world_news.py
openbb_platform/providers/benzinga/openbb_benzinga/utils/__init__.py
openbb_platform/providers/benzinga/openbb_benzinga/utils/helpers.py
openbb_platform/providers/benzinga/tests/__init__.py
openbb_platform/providers/benzinga/tests/test_benzinga_fetchers.py
openbb_platform/providers/benzinga/tests/record/http/test_benzinga_fetchers/test_benzinga_analyst_search_fetcher_urllib3_v2.yaml
openbb_platform/providers/benzinga/tests/record/http/test_benzinga_fetchers/test_benzinga_company_news_fetcher_urllib3_v2.yaml
openbb_platform/providers/benzinga/tests/record/http/test_benzinga_fetchers/test_benzinga_price_target_fetcher_urllib3_v2.yaml
openbb_platform/providers/benzinga/tests/record/http/test_benzinga_fetchers/test_benzinga_world_news_fetcher_urllib3_v2.yaml
openbb_platform/providers/biztoc/README.md
openbb_platform/providers/biztoc/__init__.py
openbb_platform/providers/biztoc/poetry.lock
openbb_platform/providers/biztoc/pyproject.toml
openbb_platform/providers/biztoc/openbb_biztoc/__init__.py
openbb_platform/providers/biztoc/openbb_biztoc/models/__init__.py
openbb_platform/providers/biztoc/openbb_biztoc/models/world_news.py
openbb_platform/providers/biztoc/openbb_biztoc/utils/__init__.py
openbb_platform/providers/biztoc/tests/__init__.py
openbb_platform/providers/biztoc/tests/test_biztoc_fetchers.py
openbb_platform/providers/biztoc/tests/record/http/test_biztoc_fetchers/test_biztoc_world_news_fetcher_urllib3_v2.yaml
openbb_platform/providers/bls/README.md
openbb_platform/providers/bls/__init__.py
openbb_platform/providers/bls/poetry.lock
openbb_platform/providers/bls/pyproject.toml
openbb_platform/providers/bls/openbb_bls/__init__.py
openbb_platform/providers/bls/openbb_bls/assets/__init__.py
openbb_platform/providers/bls/openbb_bls/assets/bed_codes.json
openbb_platform/providers/bls/openbb_bls/assets/bls_assets.json
openbb_platform/providers/bls/openbb_bls/assets/cpi_codes.json
openbb_platform/providers/bls/openbb_bls/assets/cps_codes.json
openbb_platform/providers/bls/openbb_bls/assets/ec_codes.json
openbb_platform/providers/bls/openbb_bls/assets/ip_codes.json
openbb_platform/providers/bls/openbb_bls/assets/jolts_codes.json
openbb_platform/providers/bls/openbb_bls/assets/lfs_codes.json
openbb_platform/providers/bls/openbb_bls/assets/nfp_codes.json
openbb_platform/providers/bls/openbb_bls/assets/pce_codes.json
openbb_platform/providers/bls/openbb_bls/assets/ppi_codes.json
openbb_platform/providers/bls/openbb_bls/assets/sla_codes.json
openbb_platform/providers/bls/openbb_bls/assets/tu_codes.json
openbb_platform/providers/bls/openbb_bls/assets/wages_codes.json
openbb_platform/providers/bls/openbb_bls/models/__init__.py
openbb_platform/providers/bls/openbb_bls/models/search.py
openbb_platform/providers/bls/openbb_bls/models/series.py
openbb_platform/providers/bls/openbb_bls/utils/__init__.py
openbb_platform/providers/bls/openbb_bls/utils/constants.py
openbb_platform/providers/bls/openbb_bls/utils/helpers.py
openbb_platform/providers/bls/tests/__init__.py
openbb_platform/providers/bls/tests/test_bls_fetchers.py
openbb_platform/providers/bls/tests/record/http/test_bls_fetchers/test_bls_series_fetcher_urllib3_v2.yaml
openbb_platform/providers/cboe/README.md
openbb_platform/providers/cboe/__init__.py
openbb_platform/providers/cboe/poetry.lock
openbb_platform/providers/cboe/pyproject.toml
openbb_platform/providers/cboe/openbb_cboe/__init__.py
openbb_platform/providers/cboe/openbb_cboe/py.typed
openbb_platform/providers/cboe/openbb_cboe/models/__init__.py
openbb_platform/providers/cboe/openbb_cboe/models/available_indices.py
openbb_platform/providers/cboe/openbb_cboe/models/equity_historical.py
openbb_platform/providers/cboe/openbb_cboe/models/equity_quote.py
openbb_platform/providers/cboe/openbb_cboe/models/equity_search.py
openbb_platform/providers/cboe/openbb_cboe/models/futures_curve.py
openbb_platform/providers/cboe/openbb_cboe/models/index_constituents.py
openbb_platform/providers/cboe/openbb_cboe/models/index_historical.py
openbb_platform/providers/cboe/openbb_cboe/models/index_search.py
openbb_platform/providers/cboe/openbb_cboe/models/index_snapshots.py
openbb_platform/providers/cboe/openbb_cboe/models/options_chains.py
openbb_platform/providers/cboe/openbb_cboe/utils/__init__.py
openbb_platform/providers/cboe/openbb_cboe/utils/helpers.py
openbb_platform/providers/cboe/openbb_cboe/utils/vix.py
openbb_platform/providers/cboe/tests/__init__.py
openbb_platform/providers/cboe/tests/test_cboe_fetchers.py
openbb_platform/providers/cboe/tests/record/http/test_cboe_fetchers/test_cboe_available_indices_fetcher_urllib3_v2.yaml
openbb_platform/providers/cboe/tests/record/http/test_cboe_fetchers/test_cboe_equity_historical_fetcher_urllib3_v2.yaml
openbb_platform/providers/cboe/tests/record/http/test_cboe_fetchers/test_cboe_equity_quote_fetcher_urllib3_v2.yaml
openbb_platform/providers/cboe/tests/record/http/test_cboe_fetchers/test_cboe_equity_search_fetcher_urllib3_v2.yaml
openbb_platform/providers/cboe/tests/record/http/test_cboe_fetchers/test_cboe_futures_curve_fetcher_urllib3_v2.yaml
openbb_platform/providers/cboe/tests/record/http/test_cboe_fetchers/test_cboe_index_constituents_fetcher_urllib3_v2.yaml
openbb_platform/providers/cboe/tests/record/http/test_cboe_fetchers/test_cboe_index_historical_fetcher_urllib3_v2.yaml
openbb_platform/providers/cboe/tests/record/http/test_cboe_fetchers/test_cboe_index_search_fetcher_urllib3_v2.yaml
openbb_platform/providers/cboe/tests/record/http/test_cboe_fetchers/test_cboe_index_snapshots_fetcher_urllib3_v2.yaml
openbb_platform/providers/cboe/tests/record/http/test_cboe_fetchers/test_cboe_options_chains_fetcher_urllib3_v2.yaml
openbb_platform/providers/cftc/README.md
openbb_platform/providers/cftc/__init__.py
openbb_platform/providers/cftc/poetry.lock
openbb_platform/providers/cftc/pyproject.toml
openbb_platform/providers/cftc/openbb_cftc/__init__.py
openbb_platform/providers/cftc/openbb_cftc/assets/__init__.py
openbb_platform/providers/cftc/openbb_cftc/assets/cot_ids.json
openbb_platform/providers/cftc/openbb_cftc/models/__init__.py
openbb_platform/providers/cftc/openbb_cftc/models/cot.py
openbb_platform/providers/cftc/openbb_cftc/models/cot_search.py
openbb_platform/providers/cftc/openbb_cftc/utils/__init__.py
openbb_platform/providers/cftc/tests/__init__.py
openbb_platform/providers/cftc/tests/test_cftc_fetchers.py
openbb_platform/providers/cftc/tests/record/http/test_cftc_fetchers/test_cftc_cot_fetcher_urllib3_v2.yaml
openbb_platform/providers/congress_gov/README.md
openbb_platform/providers/congress_gov/__init__.py
openbb_platform/providers/congress_gov/poetry.lock
openbb_platform/providers/congress_gov/pyproject.toml
openbb_platform/providers/congress_gov/openbb_congress_gov/__init__.py
openbb_platform/providers/congress_gov/openbb_congress_gov/py.typed
openbb_platform/providers/congress_gov/openbb_congress_gov/models/__init__.py
openbb_platform/providers/congress_gov/openbb_congress_gov/models/bill_info.py
openbb_platform/providers/congress_gov/openbb_congress_gov/models/bill_text.py
openbb_platform/providers/congress_gov/openbb_congress_gov/models/congress_bills.py
openbb_platform/providers/congress_gov/openbb_congress_gov/router/__init__.py
openbb_platform/providers/congress_gov/openbb_congress_gov/router/congress_gov_router.py
openbb_platform/providers/congress_gov/openbb_congress_gov/utils/__init__.py
openbb_platform/providers/congress_gov/openbb_congress_gov/utils/constants.py
openbb_platform/providers/congress_gov/openbb_congress_gov/utils/helpers.py
openbb_platform/providers/congress_gov/tests/__init__.py
openbb_platform/providers/congress_gov/tests/test_congress_gov_fetchers.py
openbb_platform/providers/congress_gov/tests/record/http/test_congress_gov_fetchers/test_congress_bill_info_fetcher_urllib3_v2.yaml
openbb_platform/providers/congress_gov/tests/record/http/test_congress_gov_fetchers/test_congress_bill_text_fetcher_urllib3_v2.yaml
openbb_platform/providers/congress_gov/tests/record/http/test_congress_gov_fetchers/test_congress_bills_fetcher_urllib3_v2.yaml
openbb_platform/providers/deribit/README.md
openbb_platform/providers/deribit/__init__.py
openbb_platform/providers/deribit/poetry.lock
openbb_platform/providers/deribit/pyproject.toml
openbb_platform/providers/deribit/openbb_deribit/__init__.py
openbb_platform/providers/deribit/openbb_deribit/models/__init__.py
openbb_platform/providers/deribit/openbb_deribit/models/futures_curve.py
openbb_platform/providers/deribit/openbb_deribit/models/futures_historical.py
openbb_platform/providers/deribit/openbb_deribit/models/futures_info.py
openbb_platform/providers/deribit/openbb_deribit/models/futures_instruments.py
openbb_platform/providers/deribit/openbb_deribit/models/options_chains.py
openbb_platform/providers/deribit/openbb_deribit/utils/__init__.py
openbb_platform/providers/deribit/openbb_deribit/utils/helpers.py
openbb_platform/providers/deribit/tests/__init__.py
openbb_platform/providers/deribit/tests/test_deribit_fetchers.py
openbb_platform/providers/deribit/tests/record/http/test_deribit_fetchers/test_deribit_futures_curve_fetcher_urllib3_v2.yaml
openbb_platform/providers/deribit/tests/record/http/test_deribit_fetchers/test_deribit_futures_historical_fetcher_urllib3_v2.yaml
openbb_platform/providers/deribit/tests/record/http/test_deribit_fetchers/test_deribit_futures_info_fetcher_urllib3_v2.yaml
openbb_platform/providers/deribit/tests/record/http/test_deribit_fetchers/test_deribit_futures_instruments_fetcher_urllib3_v2.yaml
openbb_platform/providers/deribit/tests/record/http/test_deribit_fetchers/test_get_options_symbols_urllib3_v2.yaml
openbb_platform/providers/ecb/README.md
openbb_platform/providers/ecb/__init__.py
openbb_platform/providers/ecb/poetry.lock
openbb_platform/providers/ecb/pyproject.toml
openbb_platform/providers/ecb/openbb_ecb/__init__.py
openbb_platform/providers/ecb/openbb_ecb/models/__init__.py
openbb_platform/providers/ecb/openbb_ecb/models/balance_of_payments.py
openbb_platform/providers/ecb/openbb_ecb/models/currency_reference_rates.py
openbb_platform/providers/ecb/openbb_ecb/models/yield_curve.py
openbb_platform/providers/ecb/openbb_ecb/utils/__init__.py
openbb_platform/providers/ecb/openbb_ecb/utils/bps_series.py
openbb_platform/providers/ecb/openbb_ecb/utils/ecb_helpers.py
openbb_platform/providers/ecb/openbb_ecb/utils/yield_curve_series.py
openbb_platform/providers/ecb/tests/__init__.py
openbb_platform/providers/ecb/tests/test_ecb_fetchers.py
openbb_platform/providers/ecb/tests/record/http/test_ecb_fetchers/test_ecb_balance_of_payments_fetcher_urllib3_v2.yaml
openbb_platform/providers/ecb/tests/record/http/test_ecb_fetchers/test_ecb_currency_reference_rates_fetcher_urllib3_v2.yaml
openbb_platform/providers/ecb/tests/record/http/test_ecb_fetchers/test_ecb_yield_curve_fetcher_urllib3_v2.yaml
openbb_platform/providers/econdb/README.md
openbb_platform/providers/econdb/__init__.py
openbb_platform/providers/econdb/poetry.lock
openbb_platform/providers/econdb/pyproject.toml
openbb_platform/providers/econdb/openbb_econdb/__init__.py
openbb_platform/providers/econdb/openbb_econdb/models/__init__.py
openbb_platform/providers/econdb/openbb_econdb/models/available_indicators.py
openbb_platform/providers/econdb/openbb_econdb/models/country_profile.py
openbb_platform/providers/econdb/openbb_econdb/models/economic_indicators.py
openbb_platform/providers/econdb/openbb_econdb/models/export_destinations.py
openbb_platform/providers/econdb/openbb_econdb/models/gdp_nominal.py
openbb_platform/providers/econdb/openbb_econdb/models/gdp_real.py
openbb_platform/providers/econdb/openbb_econdb/models/port_volume.py
openbb_platform/providers/econdb/openbb_econdb/models/yield_curve.py
openbb_platform/providers/econdb/openbb_econdb/utils/__init__.py
openbb_platform/providers/econdb/openbb_econdb/utils/helpers.py
openbb_platform/providers/econdb/openbb_econdb/utils/indicator_countries.json
openbb_platform/providers/econdb/openbb_econdb/utils/indicators_descriptions.json
openbb_platform/providers/econdb/openbb_econdb/utils/main_indicators.py
openbb_platform/providers/econdb/openbb_econdb/utils/multipliers.json
openbb_platform/providers/econdb/openbb_econdb/utils/scales.json
openbb_platform/providers/econdb/openbb_econdb/utils/symbol_to_indicator.json
openbb_platform/providers/econdb/openbb_econdb/utils/units.json
openbb_platform/providers/econdb/openbb_econdb/utils/yield_curves.py
openbb_platform/providers/econdb/tests/__init__.py
openbb_platform/providers/econdb/tests/test_econdb_fetchers.py
openbb_platform/providers/econdb/tests/record/http/test_econdb_fetchers/test_econdb_available_indicators_fetcher_urllib3_v2.yaml
openbb_platform/providers/econdb/tests/record/http/test_econdb_fetchers/test_econdb_country_profile_fetcher_urllib3_v2.yaml
openbb_platform/providers/econdb/tests/record/http/test_econdb_fetchers/test_econdb_economic_indicators_fetcher_urllib3_v2.yaml
openbb_platform/providers/econdb/tests/record/http/test_econdb_fetchers/test_econdb_economic_indicators_main_fetcher_urllib3_v2.yaml
openbb_platform/providers/econdb/tests/record/http/test_econdb_fetchers/test_econdb_export_destinations_fetcher_urllib3_v2.yaml
openbb_platform/providers/econdb/tests/record/http/test_econdb_fetchers/test_econdb_gdp_nominal_fetcher_urllib3_v2.yaml
openbb_platform/providers/econdb/tests/record/http/test_econdb_fetchers/test_econdb_gdp_real_fetcher_urllib3_v2.yaml
openbb_platform/providers/econdb/tests/record/http/test_econdb_fetchers/test_econdb_port_volume_fetcher_urllib3_v2.yaml
openbb_platform/providers/econdb/tests/record/http/test_econdb_fetchers/test_econdb_yield_curve_fetcher_urllib3_v2.yaml
openbb_platform/providers/eia/README.md
openbb_platform/providers/eia/__init__.py
openbb_platform/providers/eia/poetry.lock
openbb_platform/providers/eia/pyproject.toml
openbb_platform/providers/eia/openbb_us_eia/__init__.py
openbb_platform/providers/eia/openbb_us_eia/models/__init__.py
openbb_platform/providers/eia/openbb_us_eia/models/petroleum_status_report.py
openbb_platform/providers/eia/openbb_us_eia/models/short_term_energy_outlook.py
openbb_platform/providers/eia/openbb_us_eia/utils/__init__.py
openbb_platform/providers/eia/openbb_us_eia/utils/constants.py
openbb_platform/providers/eia/openbb_us_eia/utils/helpers.py
openbb_platform/providers/eia/openbb_us_eia/utils/py.typed
openbb_platform/providers/eia/openbb_us_eia/utils/total_energy_map.json
openbb_platform/providers/eia/tests/__init__.py
openbb_platform/providers/eia/tests/test_eia_fetchers.py
openbb_platform/providers/eia/tests/record/http/test_eia_fetchers/test_eia_petroleum_status_report_fetcher_urllib3_v2.yaml
openbb_platform/providers/eia/tests/record/http/test_eia_fetchers/test_eia_short_term_energy_outlook_fetcher_urllib3_v2.yaml
openbb_platform/providers/famafrench/README.md
openbb_platform/providers/famafrench/__init__.py
openbb_platform/providers/famafrench/poetry.lock
openbb_platform/providers/famafrench/pyproject.toml
openbb_platform/providers/famafrench/openbb_famafrench/__init__.py
openbb_platform/providers/famafrench/openbb_famafrench/famafrench_router.py
openbb_platform/providers/famafrench/openbb_famafrench/py.typed
openbb_platform/providers/famafrench/openbb_famafrench/models/__init__.py
openbb_platform/providers/famafrench/openbb_famafrench/models/breakpoints.py
openbb_platform/providers/famafrench/openbb_famafrench/models/country_portfolio_returns.py
openbb_platform/providers/famafrench/openbb_famafrench/models/factors.py
openbb_platform/providers/famafrench/openbb_famafrench/models/international_index_returns.py
openbb_platform/providers/famafrench/openbb_famafrench/models/regional_portfolio_returns.py
openbb_platform/providers/famafrench/openbb_famafrench/models/us_portfolio_returns.py
openbb_platform/providers/famafrench/openbb_famafrench/utils/__init__.py
openbb_platform/providers/famafrench/openbb_famafrench/utils/constants.py
openbb_platform/providers/famafrench/openbb_famafrench/utils/helpers.py
openbb_platform/providers/famafrench/tests/__init__.py
openbb_platform/providers/famafrench/tests/test_famafrench_fetchers.py
openbb_platform/providers/famafrench/tests/record/http/test_famafrench_fetchers/test_country_portfolio_returns_urllib3_v2.yaml
openbb_platform/providers/famafrench/tests/record/http/test_famafrench_fetchers/test_fama_french_breakpoints_urllib3_v2.yaml
openbb_platform/providers/famafrench/tests/record/http/test_famafrench_fetchers/test_famafrench_factors_urllib3_v2.yaml
openbb_platform/providers/famafrench/tests/record/http/test_famafrench_fetchers/test_international_index_returns_urllib3_v2.yaml
openbb_platform/providers/famafrench/tests/record/http/test_famafrench_fetchers/test_regional_portfolio_returns_urllib3_v2.yaml
openbb_platform/providers/famafrench/tests/record/http/test_famafrench_fetchers/test_us_portfolio_returns_urllib3_v2.yaml
openbb_platform/providers/federal_reserve/README.md
openbb_platform/providers/federal_reserve/__init__.py
openbb_platform/providers/federal_reserve/poetry.lock
openbb_platform/providers/federal_reserve/pyproject.toml
openbb_platform/providers/federal_reserve/openbb_federal_reserve/__init__.py
openbb_platform/providers/federal_reserve/openbb_federal_reserve/assets/__init__.py
openbb_platform/providers/federal_reserve/openbb_federal_reserve/assets/historical_releases.json
openbb_platform/providers/federal_reserve/openbb_federal_reserve/models/central_bank_holdings.py
openbb_platform/providers/federal_reserve/openbb_federal_reserve/models/federal_funds_rate.py
openbb_platform/providers/federal_reserve/openbb_federal_reserve/models/fomc_documents.py
openbb_platform/providers/federal_reserve/openbb_federal_reserve/models/money_measures.py
openbb_platform/providers/federal_reserve/openbb_federal_reserve/models/overnight_bank_funding_rate.py
openbb_platform/providers/federal_reserve/openbb_federal_reserve/models/primary_dealer_fails.py
openbb_platform/providers/federal_reserve/openbb_federal_reserve/models/primary_dealer_positioning.py
openbb_platform/providers/federal_reserve/openbb_federal_reserve/models/sofr.py
openbb_platform/providers/federal_reserve/openbb_federal_reserve/models/treasury_rates.py
openbb_platform/providers/federal_reserve/openbb_federal_reserve/models/yield_curve.py
openbb_platform/providers/federal_reserve/openbb_federal_reserve/utils/__init__.py
openbb_platform/providers/federal_reserve/openbb_federal_reserve/utils/fomc_documents.py
openbb_platform/providers/federal_reserve/openbb_federal_reserve/utils/ny_fed_api.py
openbb_platform/providers/federal_reserve/openbb_federal_reserve/utils/primary_dealer_statistics.py
openbb_platform/providers/federal_reserve/tests/test_federal_reserve_fetchers.py
openbb_platform/providers/federal_reserve/tests/record/http/test_federal_reserve_fetchers/test_federal_reserve_central_bank_holdings_fetcher_urllib3_v2.yaml
openbb_platform/providers/federal_reserve/tests/record/http/test_federal_reserve_fetchers/test_federal_reserve_federal_funds_rate_fetcher_urllib3_v2.yaml
openbb_platform/providers/federal_reserve/tests/record/http/test_federal_reserve_fetchers/test_federal_reserve_fomc_documents_fetcher_urllib3_v2.yaml
openbb_platform/providers/federal_reserve/tests/record/http/test_federal_reserve_fetchers/test_federal_reserve_money_measures_fetcher_urllib3_v2.yaml
openbb_platform/providers/federal_reserve/tests/record/http/test_federal_reserve_fetchers/test_federal_reserve_overnight_bank_funding_rate_fetcher_urllib3_v2.yaml
openbb_platform/providers/federal_reserve/tests/record/http/test_federal_reserve_fetchers/test_federal_reserve_primary_dealer_fails_fetcher_urllib3_v2.yaml
openbb_platform/providers/federal_reserve/tests/record/http/test_federal_reserve_fetchers/test_federal_reserve_primary_dealer_positioning_fetcher_urllib3_v2.yaml
openbb_platform/providers/federal_reserve/tests/record/http/test_federal_reserve_fetchers/test_federal_reserve_sofr_fetcher_urllib3_v2.yaml
openbb_platform/providers/federal_reserve/tests/record/http/test_federal_reserve_fetchers/test_federal_reserve_treasury_rates_fetcher_urllib3_v2.yaml
openbb_platform/providers/federal_reserve/tests/record/http/test_federal_reserve_fetchers/test_federal_reserve_yield_curve_fetcher_urllib3_v2.yaml
openbb_platform/providers/finra/README.md
openbb_platform/providers/finra/__init__.py
openbb_platform/providers/finra/poetry.lock
openbb_platform/providers/finra/pyproject.toml
openbb_platform/providers/finra/openbb_finra/__init__.py
openbb_platform/providers/finra/openbb_finra/models/equity_short_interest.py
openbb_platform/providers/finra/openbb_finra/models/otc_aggregate.py
openbb_platform/providers/finra/openbb_finra/utils/data_storage.py
openbb_platform/providers/finra/openbb_finra/utils/helpers.py
openbb_platform/providers/finra/tests/test_finra_fetchers.py
openbb_platform/providers/finra/tests/record/http/test_finra_fetchers/test_finra_otc_aggregate_fetcher_urllib3_v2.yaml
openbb_platform/providers/finra/tests/record/http/test_finra_fetchers/test_finra_short_interest_fetcher_urllib3_v2.yaml
openbb_platform/providers/finviz/README.md
openbb_platform/providers/finviz/__init__.py
openbb_platform/providers/finviz/poetry.lock
openbb_platform/providers/finviz/pyproject.toml
openbb_platform/providers/finviz/openbb_finviz/__init__.py
openbb_platform/providers/finviz/openbb_finviz/py.typed
openbb_platform/providers/finviz/openbb_finviz/models/__init__.py
openbb_platform/providers/finviz/openbb_finviz/models/compare_groups.py
openbb_platform/providers/finviz/openbb_finviz/models/equity_profile.py
openbb_platform/providers/finviz/openbb_finviz/models/equity_screener.py
openbb_platform/providers/finviz/openbb_finviz/models/key_metrics.py
openbb_platform/providers/finviz/openbb_finviz/models/price_performance.py
openbb_platform/providers/finviz/openbb_finviz/models/price_target.py
openbb_platform/providers/finviz/openbb_finviz/models/py.typed
openbb_platform/providers/finviz/openbb_finviz/utils/__init__.py
openbb_platform/providers/finviz/openbb_finviz/utils/definitions.py
openbb_platform/providers/finviz/openbb_finviz/utils/py.typed
openbb_platform/providers/finviz/openbb_finviz/utils/screener_helper.py
openbb_platform/providers/finviz/openbb_finviz/utils/presets/__init__.py
openbb_platform/providers/finviz/openbb_finviz/utils/presets/all_stocks.ini
openbb_platform/providers/finviz/openbb_finviz/utils/presets/analyst_strong_buy.ini
openbb_platform/providers/finviz/openbb_finviz/utils/presets/buffet_like.ini
openbb_platform/providers/finviz/openbb_finviz/utils/presets/bull_runs_over_10pct.ini
openbb_platform/providers/finviz/openbb_finviz/utils/presets/canslim.ini
openbb_platform/providers/finviz/openbb_finviz/utils/presets/cheap_dividend.ini
openbb_platform/providers/finviz/openbb_finviz/utils/presets/cheap_oversold.ini
openbb_platform/providers/finviz/openbb_finviz/utils/presets/continued_momentum.ini
openbb_platform/providers/finviz/openbb_finviz/utils/presets/death_cross.ini
openbb_platform/providers/finviz/openbb_finviz/utils/presets/fastgrowths.ini
openbb_platform/providers/finviz/openbb_finviz/utils/presets/golden_cross.ini
openbb_platform/providers/finviz/openbb_finviz/utils/presets/growth_stocks.ini
openbb_platform/providers/finviz/openbb_finviz/utils/presets/heavy_inst_ins.ini
openbb_platform/providers/finviz/openbb_finviz/utils/presets/large_cap_rsi20.ini
openbb_platform/providers/finviz/openbb_finviz/utils/presets/large_cap_rsi80.ini
openbb_platform/providers/finviz/openbb_finviz/utils/presets/modified_dreman.ini
openbb_platform/providers/finviz/openbb_finviz/utils/presets/modified_neff.ini
openbb_platform/providers/finviz/openbb_finviz/utils/presets/newhigh.ini
openbb_platform/providers/finviz/openbb_finviz/utils/presets/profitable_low_price_sales.ini
openbb_platform/providers/finviz/openbb_finviz/utils/presets/recent_growth_support.ini
openbb_platform/providers/finviz/openbb_finviz/utils/presets/screener_template.ini
openbb_platform/providers/finviz/openbb_finviz/utils/presets/short_squeeze.ini
openbb_platform/providers/finviz/openbb_finviz/utils/presets/undervalue.ini
openbb_platform/providers/finviz/openbb_finviz/utils/presets/weak_support_top_performers.ini
openbb_platform/providers/finviz/tests/__init__.py
openbb_platform/providers/finviz/tests/test_finviz_fetchers.py
openbb_platform/providers/finviz/tests/record/http/test_finviz_fetchers/test_finviz_compare_groups_fetcher_urllib3_v2.yaml
openbb_platform/providers/finviz/tests/record/http/test_finviz_fetchers/test_finviz_equity_profile_fetcher_urllib3_v2.yaml
openbb_platform/providers/finviz/tests/record/http/test_finviz_fetchers/test_finviz_equity_screener_fetcher_urllib3_v2.yaml
openbb_platform/providers/finviz/tests/record/http/test_finviz_fetchers/test_finviz_key_metrics_fetcher_urllib3_v2.yaml
openbb_platform/providers/finviz/tests/record/http/test_finviz_fetchers/test_finviz_price_performance_fetcher_urllib3_v2.yaml
openbb_platform/providers/finviz/tests/record/http/test_finviz_fetchers/test_finviz_price_target_fetcher_urllib3_v2.yaml
openbb_platform/providers/fmp/README.md
openbb_platform/providers/fmp/__init__.py
openbb_platform/providers/fmp/poetry.lock
openbb_platform/providers/fmp/pyproject.toml
openbb_platform/providers/fmp/openbb_fmp/__init__.py
openbb_platform/providers/fmp/openbb_fmp/py.typed
openbb_platform/providers/fmp/openbb_fmp/models/__init__.py
openbb_platform/providers/fmp/openbb_fmp/models/analyst_estimates.py
openbb_platform/providers/fmp/openbb_fmp/models/available_indices.py
openbb_platform/providers/fmp/openbb_fmp/models/balance_sheet.py
openbb_platform/providers/fmp/openbb_fmp/models/balance_sheet_growth.py
openbb_platform/providers/fmp/openbb_fmp/models/calendar_dividend.py
openbb_platform/providers/fmp/openbb_fmp/models/calendar_earnings.py
openbb_platform/providers/fmp/openbb_fmp/models/calendar_events.py
openbb_platform/providers/fmp/openbb_fmp/models/calendar_ipo.py
openbb_platform/providers/fmp/openbb_fmp/models/calendar_splits.py
openbb_platform/providers/fmp/openbb_fmp/models/cash_flow.py
openbb_platform/providers/fmp/openbb_fmp/models/cash_flow_growth.py
openbb_platform/providers/fmp/openbb_fmp/models/company_filings.py
openbb_platform/providers/fmp/openbb_fmp/models/company_news.py
openbb_platform/providers/fmp/openbb_fmp/models/crypto_historical.py
openbb_platform/providers/fmp/openbb_fmp/models/crypto_search.py
openbb_platform/providers/fmp/openbb_fmp/models/currency_historical.py
openbb_platform/providers/fmp/openbb_fmp/models/currency_pairs.py
openbb_platform/providers/fmp/openbb_fmp/models/currency_snapshots.py
openbb_platform/providers/fmp/openbb_fmp/models/discovery_filings.py
openbb_platform/providers/fmp/openbb_fmp/models/earnings_call_transcript.py
openbb_platform/providers/fmp/openbb_fmp/models/economic_calendar.py
openbb_platform/providers/fmp/openbb_fmp/models/equity_gainers.py
openbb_platform/providers/fmp/openbb_fmp/models/equity_historical.py
openbb_platform/providers/fmp/openbb_fmp/models/equity_losers.py
openbb_platform/providers/fmp/openbb_fmp/models/equity_most_active.py
openbb_platform/providers/fmp/openbb_fmp/models/equity_ownership.py
openbb_platform/providers/fmp/openbb_fmp/models/equity_peers.py
openbb_platform/providers/fmp/openbb_fmp/models/equity_profile.py
openbb_platform/providers/fmp/openbb_fmp/models/equity_quote.py
openbb_platform/providers/fmp/openbb_fmp/models/equity_screener.py
openbb_platform/providers/fmp/openbb_fmp/models/esg_score.py
openbb_platform/providers/fmp/openbb_fmp/models/etf_countries.py
openbb_platform/providers/fmp/openbb_fmp/models/etf_equity_exposure.py
openbb_platform/providers/fmp/openbb_fmp/models/etf_holdings.py
openbb_platform/providers/fmp/openbb_fmp/models/etf_info.py
openbb_platform/providers/fmp/openbb_fmp/models/etf_search.py
openbb_platform/providers/fmp/openbb_fmp/models/etf_sectors.py
openbb_platform/providers/fmp/openbb_fmp/models/executive_compensation.py
openbb_platform/providers/fmp/openbb_fmp/models/financial_ratios.py
openbb_platform/providers/fmp/openbb_fmp/models/forward_ebitda_estimates.py
openbb_platform/providers/fmp/openbb_fmp/models/forward_eps_estimates.py
openbb_platform/providers/fmp/openbb_fmp/models/government_trades.py
openbb_platform/providers/fmp/openbb_fmp/models/historical_dividends.py
openbb_platform/providers/fmp/openbb_fmp/models/historical_employees.py
openbb_platform/providers/fmp/openbb_fmp/models/historical_eps.py
openbb_platform/providers/fmp/openbb_fmp/models/historical_market_cap.py
openbb_platform/providers/fmp/openbb_fmp/models/historical_splits.py
openbb_platform/providers/fmp/openbb_fmp/models/income_statement.py
openbb_platform/providers/fmp/openbb_fmp/models/income_statement_growth.py
openbb_platform/providers/fmp/openbb_fmp/models/index_constituents.py
openbb_platform/providers/fmp/openbb_fmp/models/index_historical.py
openbb_platform/providers/fmp/openbb_fmp/models/insider_trading.py
openbb_platform/providers/fmp/openbb_fmp/models/institutional_ownership.py
openbb_platform/providers/fmp/openbb_fmp/models/key_executives.py
openbb_platform/providers/fmp/openbb_fmp/models/key_metrics.py
openbb_platform/providers/fmp/openbb_fmp/models/market_snapshots.py
openbb_platform/providers/fmp/openbb_fmp/models/nport_disclosure.py
openbb_platform/providers/fmp/openbb_fmp/models/price_performance.py
openbb_platform/providers/fmp/openbb_fmp/models/price_target.py
openbb_platform/providers/fmp/openbb_fmp/models/price_target_consensus.py
openbb_platform/providers/fmp/openbb_fmp/models/revenue_business_line.py
openbb_platform/providers/fmp/openbb_fmp/models/revenue_geographic.py
openbb_platform/providers/fmp/openbb_fmp/models/risk_premium.py
openbb_platform/providers/fmp/openbb_fmp/models/share_statistics.py
openbb_platform/providers/fmp/openbb_fmp/models/treasury_rates.py
openbb_platform/providers/fmp/openbb_fmp/models/world_news.py
openbb_platform/providers/fmp/openbb_fmp/models/yield_curve.py
openbb_platform/providers/fmp/openbb_fmp/utils/__init__.py
openbb_platform/providers/fmp/openbb_fmp/utils/definitions.py
openbb_platform/providers/fmp/openbb_fmp/utils/helpers.py
openbb_platform/providers/fmp/openbb_fmp/utils/py.typed
openbb_platform/providers/fmp/tests/__init__.py
openbb_platform/providers/fmp/tests/test_fmp_fetchers.py
openbb_platform/providers/fmp/tests/record/http/test_fmp_fetchers/test_fmp_analyst_estimates_fetcher_urllib3_v2.yaml
openbb_platform/providers/fmp/tests/record/http/test_fmp_fetchers/test_fmp_available_indices_fetcher_urllib3_v2.yaml
openbb_platform/providers/fmp/tests/record/http/test_fmp_fetchers/test_fmp_balance_sheet_fetcher_urllib3_v2.yaml
openbb_platform/providers/fmp/tests/record/http/test_fmp_fetchers/test_fmp_balance_sheet_growth_fetcher_urllib3_v2.yaml
openbb_platform/providers/fmp/tests/record/http/test_fmp_fetchers/test_fmp_calendar_dividend_fetcher_urllib3_v2.yaml
openbb_platform/providers/fmp/tests/record/http/test_fmp_fetchers/test_fmp_calendar_earnings_fetcher_urllib3_v2.yaml
openbb_platform/providers/fmp/tests/record/http/test_fmp_fetchers/test_fmp_calendar_events_fetcher_urllib3_v2.yaml
openbb_platform/providers/fmp/tests/record/http/test_fmp_fetchers/test_fmp_calendar_ipo_fetcher_urllib3_v2.yaml
openbb_platform/providers/fmp/tests/record/http/test_fmp_fetchers/test_fmp_calendar_splits_fetcher_urllib3_v2.yaml
openbb_platform/providers/fmp/tests/record/http/test_fmp_fetchers/test_fmp_cash_flow_statement_fetcher_urllib3_v2.yaml
openbb_platform/providers/fmp/tests/record/http/test_fmp_fetchers/test_fmp_cash_flow_statement_growth_fetcher_urllib3_v2.yaml
openbb_platform/providers/fmp/tests/record/http/test_fmp_fetchers/test_fmp_company_filings_fetcher_urllib3_v2.yaml
openbb_platform/providers/fmp/tests/record/http/test_fmp_fetchers/test_fmp_company_news_fetcher_urllib3_v2.yaml
openbb_platform/providers/fmp/tests/record/http/test_fmp_fetchers/test_fmp_crypto_historical_fetcher_urllib3_v2.yaml
openbb_platform/providers/fmp/tests/record/http/test_fmp_fetchers/test_fmp_crypto_search_fetcher_urllib3_v2.yaml
openbb_platform/providers/fmp/tests/record/http/test_fmp_fetchers/test_fmp_currency_historical_fetcher_urllib3_v2.yaml
openbb_platform/providers/fmp/tests/record/http/test_fmp_fetchers/test_fmp_currency_pairs_fetcher_urllib3_v2.yaml
openbb_platform/providers/fmp/tests/record/http/test_fmp_fetchers/test_fmp_currency_snapshots_fetcher_urllib3_v2.yaml
openbb_platform/providers/fmp/tests/record/http/test_fmp_fetchers/test_fmp_discovery_filings_fetcher_urllib3_v2.yaml
openbb_platform/providers/fmp/tests/record/http/test_fmp_fetchers/test_fmp_earnings_call_transcript_fetcher_urllib3_v2.yaml
openbb_platform/providers/fmp/tests/record/http/test_fmp_fetchers/test_fmp_economic_calendar_fetcher_urllib3_v2.yaml
openbb_platform/providers/fmp/tests/record/http/test_fmp_fetchers/test_fmp_equity_active_fetcher_urllib3_v2.yaml
openbb_platform/providers/fmp/tests/record/http/test_fmp_fetchers/test_fmp_equity_forward_ebitda_fetcher_urllib3_v2.yaml
openbb_platform/providers/fmp/tests/record/http/test_fmp_fetchers/test_fmp_equity_forward_eps_fetcher_urllib3_v2.yaml
openbb_platform/providers/fmp/tests/record/http/test_fmp_fetchers/test_fmp_equity_gainers_fetcher_urllib3_v2.yaml
openbb_platform/providers/fmp/tests/record/http/test_fmp_fetchers/test_fmp_equity_historical_fetcher_urllib3_v2.yaml
openbb_platform/providers/fmp/tests/record/http/test_fmp_fetchers/test_fmp_equity_losers_fetcher_urllib3_v2.yaml
openbb_platform/providers/fmp/tests/record/http/test_fmp_fetchers/test_fmp_equity_ownership_fetcher_urllib3_v2.yaml
openbb_platform/providers/fmp/tests/record/http/test_fmp_fetchers/test_fmp_equity_peers_fetcher_urllib3_v2.yaml
openbb_platform/providers/fmp/tests/record/http/test_fmp_fetchers/test_fmp_equity_profile_fetcher_urllib3_v2.yaml
openbb_platform/providers/fmp/tests/record/http/test_fmp_fetchers/test_fmp_equity_quote_fetcher_urllib3_v2.yaml
openbb_platform/providers/fmp/tests/record/http/test_fmp_fetchers/test_fmp_equity_screener_fetcher_urllib3_v2.yaml
openbb_platform/providers/fmp/tests/record/http/test_fmp_fetchers/test_fmp_esg_score_urllib3_v2.yaml
openbb_platform/providers/fmp/tests/record/http/test_fmp_fetchers/test_fmp_etf_countries_fetcher_urllib3_v2.yaml
openbb_platform/providers/fmp/tests/record/http/test_fmp_fetchers/test_fmp_etf_equity_exposure_fetcher_urllib3_v2.yaml
openbb_platform/providers/fmp/tests/record/http/test_fmp_fetchers/test_fmp_etf_holdings_fetcher_urllib3_v2.yaml
openbb_platform/providers/fmp/tests/record/http/test_fmp_fetchers/test_fmp_etf_info_fetcher_urllib3_v2.yaml
openbb_platform/providers/fmp/tests/record/http/test_fmp_fetchers/test_fmp_etf_nport_disclosure_fetcher_urllib3_v2.yaml
openbb_platform/providers/fmp/tests/record/http/test_fmp_fetchers/test_fmp_etf_search_fetcher_urllib3_v2.yaml
openbb_platform/providers/fmp/tests/record/http/test_fmp_fetchers/test_fmp_etf_sectors_fetcher_urllib3_v2.yaml
openbb_platform/providers/fmp/tests/record/http/test_fmp_fetchers/test_fmp_executive_compensation_fetcher_urllib3_v2.yaml
openbb_platform/providers/fmp/tests/record/http/test_fmp_fetchers/test_fmp_financial_ratios_fetcher_urllib3_v2.yaml
openbb_platform/providers/fmp/tests/record/http/test_fmp_fetchers/test_fmp_government_trades_fetcher_urllib3_v2.yaml
openbb_platform/providers/fmp/tests/record/http/test_fmp_fetchers/test_fmp_historical_dividends_fetcher_urllib3_v2.yaml
openbb_platform/providers/fmp/tests/record/http/test_fmp_fetchers/test_fmp_historical_employees_fetcher_urllib3_v2.yaml
openbb_platform/providers/fmp/tests/record/http/test_fmp_fetchers/test_fmp_historical_eps_fetcher_urllib3_v2.yaml
openbb_platform/providers/fmp/tests/record/http/test_fmp_fetchers/test_fmp_historical_market_cap_fetcher_urllib3_v2.yaml
openbb_platform/providers/fmp/tests/record/http/test_fmp_fetchers/test_fmp_historical_splits_fetcher_urllib3_v2.yaml
openbb_platform/providers/fmp/tests/record/http/test_fmp_fetchers/test_fmp_income_statement_fetcher_urllib3_v2.yaml
openbb_platform/providers/fmp/tests/record/http/test_fmp_fetchers/test_fmp_income_statement_growth_fetcher_urllib3_v2.yaml
openbb_platform/providers/fmp/tests/record/http/test_fmp_fetchers/test_fmp_index_constituents_fetcher_urllib3_v2.yaml
openbb_platform/providers/fmp/tests/record/http/test_fmp_fetchers/test_fmp_index_historical_fetcher_urllib3_v2.yaml
openbb_platform/providers/fmp/tests/record/http/test_fmp_fetchers/test_fmp_insider_trading_fetcher_urllib3_v2.yaml
openbb_platform/providers/fmp/tests/record/http/test_fmp_fetchers/test_fmp_institutional_ownership_fetcher_urllib3_v2.yaml
openbb_platform/providers/fmp/tests/record/http/test_fmp_fetchers/test_fmp_key_executives_fetcher_urllib3_v2.yaml
openbb_platform/providers/fmp/tests/record/http/test_fmp_fetchers/test_fmp_key_metrics_fetcher_urllib3_v2.yaml
openbb_platform/providers/fmp/tests/record/http/test_fmp_fetchers/test_fmp_market_snapshots_fetcher_urllib3_v2.yaml
openbb_platform/providers/fmp/tests/record/http/test_fmp_fetchers/test_fmp_price_performance_fetcher_urllib3_v2.yaml
openbb_platform/providers/fmp/tests/record/http/test_fmp_fetchers/test_fmp_price_target_consensus_fetcher_urllib3_v2.yaml
openbb_platform/providers/fmp/tests/record/http/test_fmp_fetchers/test_fmp_price_target_fetcher_urllib3_v2.yaml
openbb_platform/providers/fmp/tests/record/http/test_fmp_fetchers/test_fmp_revenue_business_line_fetcher_urllib3_v2.yaml
openbb_platform/providers/fmp/tests/record/http/test_fmp_fetchers/test_fmp_revenue_geographic_fetcher_urllib3_v2.yaml
openbb_platform/providers/fmp/tests/record/http/test_fmp_fetchers/test_fmp_risk_premium_fetcher_urllib3_v2.yaml
openbb_platform/providers/fmp/tests/record/http/test_fmp_fetchers/test_fmp_share_statistics_fetcher_urllib3_v2.yaml
openbb_platform/providers/fmp/tests/record/http/test_fmp_fetchers/test_fmp_treasury_rates_fetcher_urllib3_v2.yaml
openbb_platform/providers/fmp/tests/record/http/test_fmp_fetchers/test_fmp_world_news_fetcher_urllib3_v2.yaml
openbb_platform/providers/fmp/tests/record/http/test_fmp_fetchers/test_fmp_yield_curve_fetcher_urllib3_v2.yaml
openbb_platform/providers/fred/README.md
openbb_platform/providers/fred/__init__.py
openbb_platform/providers/fred/poetry.lock
openbb_platform/providers/fred/py.typed
openbb_platform/providers/fred/pyproject.toml
openbb_platform/providers/fred/openbb_fred/__init__.py
openbb_platform/providers/fred/openbb_fred/models/ameribor.py
openbb_platform/providers/fred/openbb_fred/models/balance_of_payments.py
openbb_platform/providers/fred/openbb_fred/models/bond_indices.py
openbb_platform/providers/fred/openbb_fred/models/commercial_paper.py
openbb_platform/providers/fred/openbb_fred/models/commodity_spot_prices.py
openbb_platform/providers/fred/openbb_fred/models/consumer_price_index.py
openbb_platform/providers/fred/openbb_fred/models/dwpcr_rates.py
openbb_platform/providers/fred/openbb_fred/models/ecb_interest_rates.py
openbb_platform/providers/fred/openbb_fred/models/euro_short_term_rate.py
openbb_platform/providers/fred/openbb_fred/models/fed_projections.py
openbb_platform/providers/fred/openbb_fred/models/federal_funds_rate.py
openbb_platform/providers/fred/openbb_fred/models/ffrmc.py
openbb_platform/providers/fred/openbb_fred/models/high_quality_market.py
openbb_platform/providers/fred/openbb_fred/models/iorb_rates.py
openbb_platform/providers/fred/openbb_fred/models/manufacturing_outlook_ny.py
openbb_platform/providers/fred/openbb_fred/models/manufacturing_outlook_texas.py
openbb_platform/providers/fred/openbb_fred/models/mortgage_indices.py
openbb_platform/providers/fred/openbb_fred/models/non_farm_payrolls.py
openbb_platform/providers/fred/openbb_fred/models/overnight_bank_funding_rate.py
openbb_platform/providers/fred/openbb_fred/models/personal_consumption_expenditures.py
openbb_platform/providers/fred/openbb_fred/models/py.typed
openbb_platform/providers/fred/openbb_fred/models/regional.py
openbb_platform/providers/fred/openbb_fred/models/release_table.py
openbb_platform/providers/fred/openbb_fred/models/retail_prices.py
openbb_platform/providers/fred/openbb_fred/models/search.py
openbb_platform/providers/fred/openbb_fred/models/senior_loan_officer_survey.py
openbb_platform/providers/fred/openbb_fred/models/series.py
openbb_platform/providers/fred/openbb_fred/models/sofr.py
openbb_platform/providers/fred/openbb_fred/models/sonia_rates.py
openbb_platform/providers/fred/openbb_fred/models/spot.py
openbb_platform/providers/fred/openbb_fred/models/survey_of_economic_conditions_chicago.py
openbb_platform/providers/fred/openbb_fred/models/tbffr.py
openbb_platform/providers/fred/openbb_fred/models/tips_yields.py
openbb_platform/providers/fred/openbb_fred/models/tmc.py
openbb_platform/providers/fred/openbb_fred/models/university_of_michigan.py
openbb_platform/providers/fred/openbb_fred/models/yield_curve.py
openbb_platform/providers/fred/openbb_fred/utils/__init__.py
openbb_platform/providers/fred/openbb_fred/utils/average_prices_city_average.json
openbb_platform/providers/fred/openbb_fred/utils/average_prices_midwest_urban.json
openbb_platform/providers/fred/openbb_fred/utils/average_prices_northeast_urban.json
openbb_platform/providers/fred/openbb_fred/utils/average_prices_south_urban.json
openbb_platform/providers/fred/openbb_fred/utils/average_prices_west_urban.json
openbb_platform/providers/fred/openbb_fred/utils/corporate_spot_rates.csv
openbb_platform/providers/fred/openbb_fred/utils/cpi.csv
openbb_platform/providers/fred/openbb_fred/utils/fred_base.py
openbb_platform/providers/fred/openbb_fred/utils/fred_helpers.py
openbb_platform/providers/fred/openbb_fred/utils/harmonized_cpi.csv
openbb_platform/providers/fred/openbb_fred/utils/ice_bofa_indices.csv
openbb_platform/providers/fred/tests/__init__.py
openbb_platform/providers/fred/tests/test_fred_fetchers.py
openbb_platform/providers/fred/tests/record/http/test_fred_fetchers/test_fred_ameribor_fetcher_urllib3_v2.yaml
openbb_platform/providers/fred/tests/record/http/test_fred_fetchers/test_fred_balance_of_payments_fetcher_urllib3_v2.yaml
openbb_platform/providers/fred/tests/record/http/test_fred_fetchers/test_fred_bond_indices_fetcher_urllib3_v2.yaml
openbb_platform/providers/fred/tests/record/http/test_fred_fetchers/test_fred_commercial_paper_fetcher_urllib3_v2.yaml
openbb_platform/providers/fred/tests/record/http/test_fred_fetchers/test_fred_commodity_spot_prices_fetcher_urllib3_v2.yaml
openbb_platform/providers/fred/tests/record/http/test_fred_fetchers/test_fred_discount_window_primary_credit_rate_fetcher_urllib3_v2.yaml
openbb_platform/providers/fred/tests/record/http/test_fred_fetchers/test_fred_euro_short_term_rate_fetcher_urllib3_v2.yaml
openbb_platform/providers/fred/tests/record/http/test_fred_fetchers/test_fred_european_central_bank_interest_rates_fetcher_urllib3_v2.yaml
openbb_platform/providers/fred/tests/record/http/test_fred_fetchers/test_fred_federal_funds_rate_fetcher_urllib3_v2.yaml
openbb_platform/providers/fred/tests/record/http/test_fred_fetchers/test_fred_high_quality_market_corporate_bond_fetcher_urllib3_v2.yaml
openbb_platform/providers/fred/tests/record/http/test_fred_fetchers/test_fred_manufacturing_outlook_ny_fetcher_urllib3_v2.yaml
openbb_platform/providers/fred/tests/record/http/test_fred_fetchers/test_fred_manufacturing_outlook_texas_fetcher_urllib3_v2.yaml
openbb_platform/providers/fred/tests/record/http/test_fred_fetchers/test_fred_mortgage_indices_fetcher_urllib3_v2.yaml
openbb_platform/providers/fred/tests/record/http/test_fred_fetchers/test_fred_non_farm_payrolls_fetcher_urllib3_v2.yaml
openbb_platform/providers/fred/tests/record/http/test_fred_fetchers/test_fred_overnight_bank_funding_rate_fetcher_urllib3_v2.yaml
openbb_platform/providers/fred/tests/record/http/test_fred_fetchers/test_fred_personal_consumption_expenditures_fetcher_urllib3_v2.yaml
openbb_platform/providers/fred/tests/record/http/test_fred_fetchers/test_fred_regional_fetcher_urllib3_v2.yaml
openbb_platform/providers/fred/tests/record/http/test_fred_fetchers/test_fred_release_table_fetcher_urllib3_v2.yaml
openbb_platform/providers/fred/tests/record/http/test_fred_fetchers/test_fred_retail_prices_fetcher_urllib3_v2.yaml
openbb_platform/providers/fred/tests/record/http/test_fred_fetchers/test_fred_search_fetcher_urllib3_v2.yaml
openbb_platform/providers/fred/tests/record/http/test_fred_fetchers/test_fred_selected_treasury_bill_fetcher_urllib3_v2.yaml
openbb_platform/providers/fred/tests/record/http/test_fred_fetchers/test_fred_selected_treasury_constant_maturity_fetcher_urllib3_v2.yaml
openbb_platform/providers/fred/tests/record/http/test_fred_fetchers/test_fred_senior_loan_officer_survey_fetcher_urllib3_v2.yaml
openbb_platform/providers/fred/tests/record/http/test_fred_fetchers/test_fred_series_fetcher_urllib3_v2.yaml
openbb_platform/providers/fred/tests/record/http/test_fred_fetchers/test_fred_sofr_fetcher_urllib3_v2.yaml
openbb_platform/providers/fred/tests/record/http/test_fred_fetchers/test_fred_spot_rate_fetcher_urllib3_v2.yaml
openbb_platform/providers/fred/tests/record/http/test_fred_fetchers/test_fred_survey_of_economic_conditions_chicago_fetcher_urllib3_v2.yaml
openbb_platform/providers/fred/tests/record/http/test_fred_fetchers/test_fred_tips_yields_fetcher_urllib3_v2.yaml
openbb_platform/providers/fred/tests/record/http/test_fred_fetchers/test_fred_treasury_constant_maturity_fetcher_urllib3_v2.yaml
openbb_platform/providers/fred/tests/record/http/test_fred_fetchers/test_fred_university_of_michigan_fetcher_urllib3_v2.yaml
openbb_platform/providers/fred/tests/record/http/test_fred_fetchers/test_fred_yield_curve_fetcher_urllib3_v2.yaml
openbb_platform/providers/fred/tests/record/http/test_fred_fetchers/test_fredcpi_fetcher_urllib3_v2.yaml
openbb_platform/providers/fred/tests/record/http/test_fred_fetchers/test_frediorb_fetcher_urllib3_v2.yaml
openbb_platform/providers/fred/tests/record/http/test_fred_fetchers/test_fredprojection_fetcher_urllib3_v2.yaml
openbb_platform/providers/fred/tests/record/http/test_fred_fetchers/test_fredsonia_fetcher_urllib3_v2.yaml
openbb_platform/providers/government_us/README.md
openbb_platform/providers/government_us/__init__.py
openbb_platform/providers/government_us/poetry.lock
openbb_platform/providers/government_us/pyproject.toml
openbb_platform/providers/government_us/openbb_government_us/__init__.py
openbb_platform/providers/government_us/openbb_government_us/models/__init__.py
openbb_platform/providers/government_us/openbb_government_us/models/treasury_auctions.py
openbb_platform/providers/government_us/openbb_government_us/models/treasury_prices.py
openbb_platform/providers/government_us/openbb_government_us/utils/__init__.py
openbb_platform/providers/government_us/openbb_government_us/utils/helpers.py
openbb_platform/providers/government_us/tests/__init__.py
openbb_platform/providers/government_us/tests/test_government_us_fetchers.py
openbb_platform/providers/government_us/tests/record/http/test_government_us_fetchers/test_government_us_treasury_auctions_fetcher_urllib3_v2.yaml
openbb_platform/providers/government_us/tests/record/http/test_government_us_fetchers/test_government_us_treasury_prices_fetcher_urllib3_v2.yaml
openbb_platform/providers/imf/README.md
openbb_platform/providers/imf/__init__.py
openbb_platform/providers/imf/poetry.lock
openbb_platform/providers/imf/pyproject.toml
openbb_platform/providers/imf/openbb_imf/__init__.py
openbb_platform/providers/imf/openbb_imf/assets/__init__.py
openbb_platform/providers/imf/openbb_imf/assets/imf_country_map.json
openbb_platform/providers/imf/openbb_imf/assets/imf_portid_map.json
openbb_platform/providers/imf/openbb_imf/assets/imf_ports_by_country.json
openbb_platform/providers/imf/openbb_imf/assets/imf_symbols.json
openbb_platform/providers/imf/openbb_imf/models/__init__.py
openbb_platform/providers/imf/openbb_imf/models/available_indicators.py
openbb_platform/providers/imf/openbb_imf/models/direction_of_trade.py
openbb_platform/providers/imf/openbb_imf/models/economic_indicators.py
openbb_platform/providers/imf/openbb_imf/models/maritime_chokepoint_info.py
openbb_platform/providers/imf/openbb_imf/models/maritime_chokepoint_volume.py
openbb_platform/providers/imf/openbb_imf/models/port_info.py
openbb_platform/providers/imf/openbb_imf/models/port_volume.py
openbb_platform/providers/imf/openbb_imf/utils/__init__.py
openbb_platform/providers/imf/openbb_imf/utils/constants.py
openbb_platform/providers/imf/openbb_imf/utils/dot_helpers.py
openbb_platform/providers/imf/openbb_imf/utils/fsi_helpers.py
openbb_platform/providers/imf/openbb_imf/utils/helpers.py
openbb_platform/providers/imf/openbb_imf/utils/irfcl_helpers.py
openbb_platform/providers/imf/openbb_imf/utils/port_watch_helpers.py
openbb_platform/providers/imf/openbb_imf/views/__init__.py
openbb_platform/providers/imf/openbb_imf/views/maritime_chokepoint_info.py
openbb_platform/providers/imf/openbb_imf/views/port_info.py
openbb_platform/providers/imf/tests/__init__.py
openbb_platform/providers/imf/tests/test_imf_fetchers.py
openbb_platform/providers/imf/tests/record/http/test_imf_fetchers/test_imf_direction_of_trade_fetcher_urllib3_v2.yaml
openbb_platform/providers/imf/tests/record/http/test_imf_fetchers/test_imf_economic_indicators_fetcher_urllib3_v2.yaml
openbb_platform/providers/imf/tests/record/http/test_imf_fetchers/test_imf_maritime_chokepoint_info_fetcher_urllib3_v2.yaml
openbb_platform/providers/imf/tests/record/http/test_imf_fetchers/test_imf_maritime_chokepoint_volume_fetcher_urllib3_v2.yaml
openbb_platform/providers/imf/tests/record/http/test_imf_fetchers/test_imf_port_info_fetcher_urllib3_v2.yaml
openbb_platform/providers/imf/tests/record/http/test_imf_fetchers/test_imf_port_volume_fetcher_urllib3_v2.yaml
openbb_platform/providers/intrinio/README.md
openbb_platform/providers/intrinio/__init__.py
openbb_platform/providers/intrinio/poetry.lock
openbb_platform/providers/intrinio/pyproject.toml
openbb_platform/providers/intrinio/openbb_intrinio/__init__.py
openbb_platform/providers/intrinio/openbb_intrinio/py.typed
openbb_platform/providers/intrinio/openbb_intrinio/models/__init__.py
openbb_platform/providers/intrinio/openbb_intrinio/models/balance_sheet.py
openbb_platform/providers/intrinio/openbb_intrinio/models/calendar_ipo.py
openbb_platform/providers/intrinio/openbb_intrinio/models/cash_flow.py
openbb_platform/providers/intrinio/openbb_intrinio/models/company_filings.py
openbb_platform/providers/intrinio/openbb_intrinio/models/company_news.py
openbb_platform/providers/intrinio/openbb_intrinio/models/currency_pairs.py
openbb_platform/providers/intrinio/openbb_intrinio/models/equity_historical.py
openbb_platform/providers/intrinio/openbb_intrinio/models/equity_info.py
openbb_platform/providers/intrinio/openbb_intrinio/models/equity_quote.py
openbb_platform/providers/intrinio/openbb_intrinio/models/equity_search.py
openbb_platform/providers/intrinio/openbb_intrinio/models/etf_holdings.py
openbb_platform/providers/intrinio/openbb_intrinio/models/etf_info.py
openbb_platform/providers/intrinio/openbb_intrinio/models/etf_price_performance.py
openbb_platform/providers/intrinio/openbb_intrinio/models/etf_search.py
openbb_platform/providers/intrinio/openbb_intrinio/models/financial_attributes.py
openbb_platform/providers/intrinio/openbb_intrinio/models/financial_ratios.py
openbb_platform/providers/intrinio/openbb_intrinio/models/forward_ebitda_estimates.py
openbb_platform/providers/intrinio/openbb_intrinio/models/forward_eps_estimates.py
openbb_platform/providers/intrinio/openbb_intrinio/models/forward_pe_estimates.py
openbb_platform/providers/intrinio/openbb_intrinio/models/forward_sales_estimates.py
openbb_platform/providers/intrinio/openbb_intrinio/models/fred_series.py
openbb_platform/providers/intrinio/openbb_intrinio/models/historical_attributes.py
openbb_platform/providers/intrinio/openbb_intrinio/models/historical_dividends.py
openbb_platform/providers/intrinio/openbb_intrinio/models/historical_market_cap.py
openbb_platform/providers/intrinio/openbb_intrinio/models/income_statement.py
openbb_platform/providers/intrinio/openbb_intrinio/models/index_historical.py
openbb_platform/providers/intrinio/openbb_intrinio/models/insider_trading.py
openbb_platform/providers/intrinio/openbb_intrinio/models/institutional_ownership.py
openbb_platform/providers/intrinio/openbb_intrinio/models/key_metrics.py
openbb_platform/providers/intrinio/openbb_intrinio/models/latest_attributes.py
openbb_platform/providers/intrinio/openbb_intrinio/models/market_snapshots.py
openbb_platform/providers/intrinio/openbb_intrinio/models/options_chains.py
openbb_platform/providers/intrinio/openbb_intrinio/models/options_snapshots.py
openbb_platform/providers/intrinio/openbb_intrinio/models/options_unusual.py
openbb_platform/providers/intrinio/openbb_intrinio/models/price_target_consensus.py
openbb_platform/providers/intrinio/openbb_intrinio/models/reported_financials.py
openbb_platform/providers/intrinio/openbb_intrinio/models/search_attributes.py
openbb_platform/providers/intrinio/openbb_intrinio/models/share_statistics.py
openbb_platform/providers/intrinio/openbb_intrinio/models/world_news.py
openbb_platform/providers/intrinio/openbb_intrinio/utils/__init__.py
openbb_platform/providers/intrinio/openbb_intrinio/utils/helpers.py
openbb_platform/providers/intrinio/openbb_intrinio/utils/references.py
openbb_platform/providers/intrinio/tests/__init__.py
openbb_platform/providers/intrinio/tests/test_intrinio_fetchers.py
openbb_platform/providers/intrinio/tests/record/http/test_intrinio_fetchers/test_intrinio_balance_sheet_fetcher_urllib3_v2.yaml
openbb_platform/providers/intrinio/tests/record/http/test_intrinio_fetchers/test_intrinio_calendar_ipo_fetcher_urllib3_v2.yaml
openbb_platform/providers/intrinio/tests/record/http/test_intrinio_fetchers/test_intrinio_cash_flow_statement_fetcher_urllib3_v2.yaml
openbb_platform/providers/intrinio/tests/record/http/test_intrinio_fetchers/test_intrinio_company_filings_fetcher_urllib3_v2.yaml
openbb_platform/providers/intrinio/tests/record/http/test_intrinio_fetchers/test_intrinio_company_news_fetcher_urllib3_v2.yaml
openbb_platform/providers/intrinio/tests/record/http/test_intrinio_fetchers/test_intrinio_currency_pairs_fetcher_urllib3_v2.yaml
openbb_platform/providers/intrinio/tests/record/http/test_intrinio_fetchers/test_intrinio_equity_historical_fetcher_urllib3_v2.yaml
openbb_platform/providers/intrinio/tests/record/http/test_intrinio_fetchers/test_intrinio_equity_info_fetcher_urllib3_v2.yaml
openbb_platform/providers/intrinio/tests/record/http/test_intrinio_fetchers/test_intrinio_equity_quote_fetcher_urllib3_v2.yaml
openbb_platform/providers/intrinio/tests/record/http/test_intrinio_fetchers/test_intrinio_equity_search_fetcher_urllib3_v2.yaml
openbb_platform/providers/intrinio/tests/record/http/test_intrinio_fetchers/test_intrinio_etf_holdings_fetcher_urllib3_v2.yaml
openbb_platform/providers/intrinio/tests/record/http/test_intrinio_fetchers/test_intrinio_etf_info_fetcher_urllib3_v2.yaml
openbb_platform/providers/intrinio/tests/record/http/test_intrinio_fetchers/test_intrinio_etf_price_performance_fetcher_urllib3_v2.yaml
openbb_platform/providers/intrinio/tests/record/http/test_intrinio_fetchers/test_intrinio_etf_search_fetcher_urllib3_v2.yaml
openbb_platform/providers/intrinio/tests/record/http/test_intrinio_fetchers/test_intrinio_financial_ratios_fetcher_urllib3_v2.yaml
openbb_platform/providers/intrinio/tests/record/http/test_intrinio_fetchers/test_intrinio_forward_ebitda_fetcher_urllib3_v2.yaml
openbb_platform/providers/intrinio/tests/record/http/test_intrinio_fetchers/test_intrinio_forward_eps_estimates_fetcher_urllib3_v2.yaml
openbb_platform/providers/intrinio/tests/record/http/test_intrinio_fetchers/test_intrinio_forward_pe_fetcher_urllib3_v2.yaml
openbb_platform/providers/intrinio/tests/record/http/test_intrinio_fetchers/test_intrinio_forward_sales_estimates_fetcher_urllib3_v2.yaml
openbb_platform/providers/intrinio/tests/record/http/test_intrinio_fetchers/test_intrinio_fred_series_fetcher_urllib3_v2.yaml
openbb_platform/providers/intrinio/tests/record/http/test_intrinio_fetchers/test_intrinio_historical_attributes_urllib3_v2.yaml
openbb_platform/providers/intrinio/tests/record/http/test_intrinio_fetchers/test_intrinio_historical_dividends_fetcher_urllib3_v2.yaml
openbb_platform/providers/intrinio/tests/record/http/test_intrinio_fetchers/test_intrinio_historical_market_cap_urllib3_v2.yaml
openbb_platform/providers/intrinio/tests/record/http/test_intrinio_fetchers/test_intrinio_income_statement_fetcher_urllib3_v2.yaml
openbb_platform/providers/intrinio/tests/record/http/test_intrinio_fetchers/test_intrinio_index_historical_fetcher_urllib3_v2.yaml
openbb_platform/providers/intrinio/tests/record/http/test_intrinio_fetchers/test_intrinio_insider_trading_fetcher_urllib3_v2.yaml
openbb_platform/providers/intrinio/tests/record/http/test_intrinio_fetchers/test_intrinio_key_metrics_fetcher_urllib3_v2.yaml
openbb_platform/providers/intrinio/tests/record/http/test_intrinio_fetchers/test_intrinio_latest_attributes_urllib3_v2.yaml
openbb_platform/providers/intrinio/tests/record/http/test_intrinio_fetchers/test_intrinio_market_snapshots_fetcher_urllib3_v2.yaml
openbb_platform/providers/intrinio/tests/record/http/test_intrinio_fetchers/test_intrinio_options_chains_fetcher_urllib3_v2.yaml
openbb_platform/providers/intrinio/tests/record/http/test_intrinio_fetchers/test_intrinio_options_unusual_fetcher_urllib3_v2.yaml
openbb_platform/providers/intrinio/tests/record/http/test_intrinio_fetchers/test_intrinio_price_target_consensus_fetcher_urllib3_v2.yaml
openbb_platform/providers/intrinio/tests/record/http/test_intrinio_fetchers/test_intrinio_reported_financials_fetcher_urllib3_v2.yaml
openbb_platform/providers/intrinio/tests/record/http/test_intrinio_fetchers/test_intrinio_search_attributes_urllib3_v2.yaml
openbb_platform/providers/intrinio/tests/record/http/test_intrinio_fetchers/test_intrinio_share_statistics_fetcher_urllib3_v2.yaml
openbb_platform/providers/intrinio/tests/record/http/test_intrinio_fetchers/test_intrinio_world_news_fetcher_urllib3_v2.yaml
openbb_platform/providers/multpl/README.md
openbb_platform/providers/multpl/__init__.py
openbb_platform/providers/multpl/poetry.lock
openbb_platform/providers/multpl/pyproject.toml
openbb_platform/providers/multpl/openbb_multpl/__init__.py
openbb_platform/providers/multpl/openbb_multpl/models/__init__.py
openbb_platform/providers/multpl/openbb_multpl/models/sp500_multiples.py
openbb_platform/providers/multpl/openbb_multpl/utils/__init__.py
openbb_platform/providers/multpl/tests/__init__.py
openbb_platform/providers/multpl/tests/test_multpl_fetchers.py
openbb_platform/providers/multpl/tests/record/http/test_multpl_fetchers/test_multpl_sp500_multiples_fetcher_urllib3_v2.yaml
openbb_platform/providers/nasdaq/README.md
openbb_platform/providers/nasdaq/__init__.py
openbb_platform/providers/nasdaq/poetry.lock
openbb_platform/providers/nasdaq/pyproject.toml
openbb_platform/providers/nasdaq/openbb_nasdaq/__init__.py
openbb_platform/providers/nasdaq/openbb_nasdaq/app.py
openbb_platform/providers/nasdaq/openbb_nasdaq/py.typed
openbb_platform/providers/nasdaq/openbb_nasdaq/models/__init__.py
openbb_platform/providers/nasdaq/openbb_nasdaq/models/calendar_dividend.py
openbb_platform/providers/nasdaq/openbb_nasdaq/models/calendar_earnings.py
openbb_platform/providers/nasdaq/openbb_nasdaq/models/calendar_ipo.py
openbb_platform/providers/nasdaq/openbb_nasdaq/models/company_filings.py
openbb_platform/providers/nasdaq/openbb_nasdaq/models/economic_calendar.py
openbb_platform/providers/nasdaq/openbb_nasdaq/models/equity_screener.py
openbb_platform/providers/nasdaq/openbb_nasdaq/models/equity_search.py
openbb_platform/providers/nasdaq/openbb_nasdaq/models/historical_dividends.py
openbb_platform/providers/nasdaq/openbb_nasdaq/models/top_retail.py
openbb_platform/providers/nasdaq/openbb_nasdaq/utils/__init__.py
openbb_platform/providers/nasdaq/openbb_nasdaq/utils/helpers.py
openbb_platform/providers/nasdaq/openbb_nasdaq/utils/query_params.py
openbb_platform/providers/nasdaq/tests/__init__.py
openbb_platform/providers/nasdaq/tests/test_nasdaq_app.py
openbb_platform/providers/nasdaq/tests/test_nasdaq_fetchers.py
openbb_platform/providers/nasdaq/tests/record/expected_apps.json
openbb_platform/providers/nasdaq/tests/record/expected_widgets.json
openbb_platform/providers/nasdaq/tests/record/http/test_nasdaq_fetchers/test_nasdaq_calendar_dividend_fetcher_urllib3_v2.yaml
openbb_platform/providers/nasdaq/tests/record/http/test_nasdaq_fetchers/test_nasdaq_calendar_earnings_fetcher_urllib3_v2.yaml
openbb_platform/providers/nasdaq/tests/record/http/test_nasdaq_fetchers/test_nasdaq_calendar_ipo_fetcher_urllib3_v2.yaml
openbb_platform/providers/nasdaq/tests/record/http/test_nasdaq_fetchers/test_nasdaq_company_filings_fetcher_urllib3_v2.yaml
openbb_platform/providers/nasdaq/tests/record/http/test_nasdaq_fetchers/test_nasdaq_economic_calendar_fetcher_urllib3_v2.yaml
openbb_platform/providers/nasdaq/tests/record/http/test_nasdaq_fetchers/test_nasdaq_equity_screener_fetcher_urllib3_v2.yaml
openbb_platform/providers/nasdaq/tests/record/http/test_nasdaq_fetchers/test_nasdaq_equity_search_fetcher_urllib3_v2.yaml
openbb_platform/providers/nasdaq/tests/record/http/test_nasdaq_fetchers/test_nasdaq_historical_dividends_fetcher_urllib3_v2.yaml
openbb_platform/providers/nasdaq/tests/record/http/test_nasdaq_fetchers/test_nasdaq_top_retail_fetcher_urllib3_v2.yaml
openbb_platform/providers/oecd/README.md
openbb_platform/providers/oecd/__init__.py
openbb_platform/providers/oecd/poetry.lock
openbb_platform/providers/oecd/pyproject.toml
openbb_platform/providers/oecd/openbb_oecd/__init__.py
openbb_platform/providers/oecd/openbb_oecd/models/composite_leading_indicator.py
openbb_platform/providers/oecd/openbb_oecd/models/consumer_price_index.py
openbb_platform/providers/oecd/openbb_oecd/models/country_interest_rates.py
openbb_platform/providers/oecd/openbb_oecd/models/gdp_forecast.py
openbb_platform/providers/oecd/openbb_oecd/models/gdp_nominal.py
openbb_platform/providers/oecd/openbb_oecd/models/gdp_real.py
openbb_platform/providers/oecd/openbb_oecd/models/house_price_index.py
openbb_platform/providers/oecd/openbb_oecd/models/share_price_index.py
openbb_platform/providers/oecd/openbb_oecd/models/unemployment.py
openbb_platform/providers/oecd/openbb_oecd/utils/constants.py
openbb_platform/providers/oecd/openbb_oecd/utils/helpers.py
openbb_platform/providers/oecd/tests/test_oecd_fetchers.py
openbb_platform/providers/oecd/tests/record/http/test_oecd_fetchers/test_oecd_composite_leading_indicator_fetcher_urllib3_v2.yaml
openbb_platform/providers/oecd/tests/record/http/test_oecd_fetchers/test_oecd_country_interest_rates_fetcher_urllib3_v2.yaml
openbb_platform/providers/oecd/tests/record/http/test_oecd_fetchers/test_oecd_cpi_fetcher_urllib3_v2.yaml
openbb_platform/providers/oecd/tests/record/http/test_oecd_fetchers/test_oecd_gdp_forecast_fetcher_urllib3_v2.yaml
openbb_platform/providers/oecd/tests/record/http/test_oecd_fetchers/test_oecd_house_price_index_fetcher_urllib3_v2.yaml
openbb_platform/providers/oecd/tests/record/http/test_oecd_fetchers/test_oecd_nominal_gdp_fetcher_urllib3_v2.yaml
openbb_platform/providers/oecd/tests/record/http/test_oecd_fetchers/test_oecd_real_gdp_fetcher_urllib3_v2.yaml
openbb_platform/providers/oecd/tests/record/http/test_oecd_fetchers/test_oecd_share_price_index_fetcher_urllib3_v2.yaml
openbb_platform/providers/oecd/tests/record/http/test_oecd_fetchers/test_oecd_unemployment_fetcher_urllib3_v2.yaml
openbb_platform/providers/polygon/README.md
openbb_platform/providers/polygon/__init__.py
openbb_platform/providers/polygon/poetry.lock
openbb_platform/providers/polygon/pyproject.toml
openbb_platform/providers/polygon/openbb_polygon/__init__.py
openbb_platform/providers/polygon/openbb_polygon/py.typed
openbb_platform/providers/polygon/openbb_polygon/models/__init__.py
openbb_platform/providers/polygon/openbb_polygon/models/balance_sheet.py
openbb_platform/providers/polygon/openbb_polygon/models/cash_flow.py
openbb_platform/providers/polygon/openbb_polygon/models/company_news.py
openbb_platform/providers/polygon/openbb_polygon/models/crypto_historical.py
openbb_platform/providers/polygon/openbb_polygon/models/currency_historical.py
openbb_platform/providers/polygon/openbb_polygon/models/currency_pairs.py
openbb_platform/providers/polygon/openbb_polygon/models/currency_snapshots.py
openbb_platform/providers/polygon/openbb_polygon/models/equity_historical.py
openbb_platform/providers/polygon/openbb_polygon/models/equity_nbbo.py
openbb_platform/providers/polygon/openbb_polygon/models/income_statement.py
openbb_platform/providers/polygon/openbb_polygon/models/index_historical.py
openbb_platform/providers/polygon/openbb_polygon/models/market_snapshots.py
openbb_platform/providers/polygon/openbb_polygon/utils/__init__.py
openbb_platform/providers/polygon/openbb_polygon/utils/helpers.py
openbb_platform/providers/polygon/tests/test_polygon_fetchers.py
openbb_platform/providers/polygon/tests/record/http/test_polygon_fetchers/test_polygon_balance_sheet_fetcher_urllib3_v2.yaml
openbb_platform/providers/polygon/tests/record/http/test_polygon_fetchers/test_polygon_cash_flow_statement_fetcher_urllib3_v2.yaml
openbb_platform/providers/polygon/tests/record/http/test_polygon_fetchers/test_polygon_company_news_fetcher_urllib3_v2.yaml
openbb_platform/providers/polygon/tests/record/http/test_polygon_fetchers/test_polygon_crypto_historical_fetcher_urllib3_v2.yaml
openbb_platform/providers/polygon/tests/record/http/test_polygon_fetchers/test_polygon_currency_historical_fetcher_urllib3_v2.yaml
openbb_platform/providers/polygon/tests/record/http/test_polygon_fetchers/test_polygon_currency_pairs_fetcher_urllib3_v2.yaml
openbb_platform/providers/polygon/tests/record/http/test_polygon_fetchers/test_polygon_currency_snapshots_fetcher_urllib3_v2.yaml
openbb_platform/providers/polygon/tests/record/http/test_polygon_fetchers/test_polygon_equity_historical_fetcher_urllib3_v2.yaml
openbb_platform/providers/polygon/tests/record/http/test_polygon_fetchers/test_polygon_equity_nbbo_fetcher_urllib3_v2.yaml
openbb_platform/providers/polygon/tests/record/http/test_polygon_fetchers/test_polygon_income_statement_fetcher_urllib3_v2.yaml
openbb_platform/providers/polygon/tests/record/http/test_polygon_fetchers/test_polygon_index_historical_fetcher_urllib3_v2.yaml
openbb_platform/providers/polygon/tests/record/http/test_polygon_fetchers/test_polygon_market_snapshots_fetcher_urllib3_v2.yaml
openbb_platform/providers/sec/README.md
openbb_platform/providers/sec/__init__.py
openbb_platform/providers/sec/poetry.lock
openbb_platform/providers/sec/pyproject.toml
openbb_platform/providers/sec/openbb_sec/__init__.py
openbb_platform/providers/sec/openbb_sec/py.typed
openbb_platform/providers/sec/openbb_sec/models/__init__.py
openbb_platform/providers/sec/openbb_sec/models/cik_map.py
openbb_platform/providers/sec/openbb_sec/models/company_filings.py
openbb_platform/providers/sec/openbb_sec/models/compare_company_facts.py
openbb_platform/providers/sec/openbb_sec/models/equity_ftd.py
openbb_platform/providers/sec/openbb_sec/models/equity_search.py
openbb_platform/providers/sec/openbb_sec/models/form_13FHR.py
openbb_platform/providers/sec/openbb_sec/models/htm_file.py
openbb_platform/providers/sec/openbb_sec/models/insider_trading.py
openbb_platform/providers/sec/openbb_sec/models/institutions_search.py
openbb_platform/providers/sec/openbb_sec/models/latest_financial_reports.py
openbb_platform/providers/sec/openbb_sec/models/management_discussion_analysis.py
openbb_platform/providers/sec/openbb_sec/models/nport_disclosure.py
openbb_platform/providers/sec/openbb_sec/models/py.typed
openbb_platform/providers/sec/openbb_sec/models/rss_litigation.py
openbb_platform/providers/sec/openbb_sec/models/schema_files.py
openbb_platform/providers/sec/openbb_sec/models/sec_filing.py
openbb_platform/providers/sec/openbb_sec/models/sic_search.py
openbb_platform/providers/sec/openbb_sec/models/symbol_map.py
openbb_platform/providers/sec/openbb_sec/utils/__init__.py
openbb_platform/providers/sec/openbb_sec/utils/definitions.py
openbb_platform/providers/sec/openbb_sec/utils/form4.py
openbb_platform/providers/sec/openbb_sec/utils/frames.py
openbb_platform/providers/sec/openbb_sec/utils/helpers.py
openbb_platform/providers/sec/openbb_sec/utils/parse_13f.py
openbb_platform/providers/sec/openbb_sec/utils/py.typed
openbb_platform/providers/sec/tests/__init__.py
openbb_platform/providers/sec/tests/test_sec_fetchers.py
openbb_platform/providers/sec/tests/record/http/test_sec_fetchers/test_sec_cik_map_fetcher_urllib3_v2.yaml
openbb_platform/providers/sec/tests/record/http/test_sec_fetchers/test_sec_company_filings_fetcher_urllib3_v2.yaml
openbb_platform/providers/sec/tests/record/http/test_sec_fetchers/test_sec_compare_company_facts_fetcher_urllib3_v2.yaml
openbb_platform/providers/sec/tests/record/http/test_sec_fetchers/test_sec_equity_ftd_fetcher_urllib3_v2.yaml
openbb_platform/providers/sec/tests/record/http/test_sec_fetchers/test_sec_equity_search_fetcher_urllib3_v2.yaml
openbb_platform/providers/sec/tests/record/http/test_sec_fetchers/test_sec_filing_fetcher_urllib3_v2.yaml
openbb_platform/providers/sec/tests/record/http/test_sec_fetchers/test_sec_form_13FHR_fetcher_urllib3_v2.yaml
openbb_platform/providers/sec/tests/record/http/test_sec_fetchers/test_sec_htm_file_fetcher_urllib3_v2.yaml
openbb_platform/providers/sec/tests/record/http/test_sec_fetchers/test_sec_insider_trading_fetcher_urllib3_v2.yaml
openbb_platform/providers/sec/tests/record/http/test_sec_fetchers/test_sec_institutions_search_fetcher_urllib3_v2.yaml
openbb_platform/providers/sec/tests/record/http/test_sec_fetchers/test_sec_latest_financial_reports_fetcher_urllib3_v2.yaml
openbb_platform/providers/sec/tests/record/http/test_sec_fetchers/test_sec_management_discussion_analysis_fetcher_urllib3_v2.yaml
openbb_platform/providers/sec/tests/record/http/test_sec_fetchers/test_sec_nport_disclosure_fetcher_urllib3_v2.yaml
openbb_platform/providers/sec/tests/record/http/test_sec_fetchers/test_sec_rss_litigation_fetcher_urllib3_v2.yaml
openbb_platform/providers/sec/tests/record/http/test_sec_fetchers/test_sec_schema_files_fetcher_urllib3_v2.yaml
openbb_platform/providers/sec/tests/record/http/test_sec_fetchers/test_sec_sic_search_fetcher_urllib3_v2.yaml
openbb_platform/providers/sec/tests/record/http/test_sec_fetchers/test_sec_symbol_map_fetcher_urllib3_v2.yaml
openbb_platform/providers/seeking_alpha/README.md
openbb_platform/providers/seeking_alpha/__init__.py
openbb_platform/providers/seeking_alpha/poetry.lock
openbb_platform/providers/seeking_alpha/pyproject.toml
openbb_platform/providers/seeking_alpha/openbb_seeking_alpha/__init__.py
openbb_platform/providers/seeking_alpha/openbb_seeking_alpha/py.typed
openbb_platform/providers/seeking_alpha/openbb_seeking_alpha/models/__init__.py
openbb_platform/providers/seeking_alpha/openbb_seeking_alpha/models/calendar_earnings.py
openbb_platform/providers/seeking_alpha/openbb_seeking_alpha/models/forward_eps_estimates.py
openbb_platform/providers/seeking_alpha/openbb_seeking_alpha/models/forward_sales_estimates.py
openbb_platform/providers/seeking_alpha/openbb_seeking_alpha/utils/__init__.py
openbb_platform/providers/seeking_alpha/openbb_seeking_alpha/utils/helpers.py
openbb_platform/providers/seeking_alpha/tests/__init__.py
openbb_platform/providers/seeking_alpha/tests/test_seeking_alpha_fetchers.py
openbb_platform/providers/seeking_alpha/tests/record/http/test_seeking_alpha_fetchers/test_sa_calendar_earnings_fetcher_urllib3_v2.yaml
openbb_platform/providers/seeking_alpha/tests/record/http/test_seeking_alpha_fetchers/test_sa_forward_eps_estimates_urllib3_v2.yaml
openbb_platform/providers/seeking_alpha/tests/record/http/test_seeking_alpha_fetchers/test_sa_forward_sales_estimates_urllib3_v2.yaml
openbb_platform/providers/stockgrid/README.md
openbb_platform/providers/stockgrid/__init__.py
openbb_platform/providers/stockgrid/poetry.lock
openbb_platform/providers/stockgrid/pyproject.toml
openbb_platform/providers/stockgrid/openbb_stockgrid/__init__.py
openbb_platform/providers/stockgrid/openbb_stockgrid/models/short_volume.py
openbb_platform/providers/stockgrid/tests/test_stockgrid_fetchers.py
openbb_platform/providers/stockgrid/tests/record/http/test_stockgrid_fetchers/test_stockgrid_short_volume_fetcher_urllib3_v2.yaml
openbb_platform/providers/tests/README.md
openbb_platform/providers/tests/__init__.py
openbb_platform/providers/tests/test_provider_fetcher.py
openbb_platform/providers/tests/test_provider_field_dupes.py
openbb_platform/providers/tests/utils/__init__.py
openbb_platform/providers/tests/utils/credentials_schema.py
openbb_platform/providers/tests/utils/unit_tests_generator.py
openbb_platform/providers/tiingo/README.md
openbb_platform/providers/tiingo/__init__.py
openbb_platform/providers/tiingo/poetry.lock
openbb_platform/providers/tiingo/pyproject.toml
openbb_platform/providers/tiingo/openbb_tiingo/__init__.py
openbb_platform/providers/tiingo/openbb_tiingo/models/__init__.py
openbb_platform/providers/tiingo/openbb_tiingo/models/company_news.py
openbb_platform/providers/tiingo/openbb_tiingo/models/crypto_historical.py
openbb_platform/providers/tiingo/openbb_tiingo/models/currency_historical.py
openbb_platform/providers/tiingo/openbb_tiingo/models/equity_historical.py
openbb_platform/providers/tiingo/openbb_tiingo/models/trailing_dividend_yield.py
openbb_platform/providers/tiingo/openbb_tiingo/models/world_news.py
openbb_platform/providers/tiingo/openbb_tiingo/utils/__init__.py
openbb_platform/providers/tiingo/openbb_tiingo/utils/helpers.py
openbb_platform/providers/tiingo/tests/test_tiingo_fetchers.py
openbb_platform/providers/tiingo/tests/record/http/test_tiingo_fetchers/test_tiingo_company_news_fetcher_urllib3_v2.yaml
openbb_platform/providers/tiingo/tests/record/http/test_tiingo_fetchers/test_tiingo_crypto_historical_fetcher_urllib3_v2.yaml
openbb_platform/providers/tiingo/tests/record/http/test_tiingo_fetchers/test_tiingo_currency_historical_fetcher_urllib3_v2.yaml
openbb_platform/providers/tiingo/tests/record/http/test_tiingo_fetchers/test_tiingo_equity_historical_fetcher_urllib3_v2.yaml
openbb_platform/providers/tiingo/tests/record/http/test_tiingo_fetchers/test_tiingo_trailing_div_yield_fetcher_urllib3_v2.yaml
openbb_platform/providers/tiingo/tests/record/http/test_tiingo_fetchers/test_tiingo_world_news_fetcher_urllib3_v2.yaml
openbb_platform/providers/tmx/README.md
openbb_platform/providers/tmx/__init__.py
openbb_platform/providers/tmx/poetry.lock
openbb_platform/providers/tmx/pyproject.toml
openbb_platform/providers/tmx/openbb_tmx/__init__.py
openbb_platform/providers/tmx/openbb_tmx/py.typed
openbb_platform/providers/tmx/openbb_tmx/models/__init__.py
openbb_platform/providers/tmx/openbb_tmx/models/available_indices.py
openbb_platform/providers/tmx/openbb_tmx/models/bond_prices.py
openbb_platform/providers/tmx/openbb_tmx/models/calendar_earnings.py
openbb_platform/providers/tmx/openbb_tmx/models/company_filings.py
openbb_platform/providers/tmx/openbb_tmx/models/company_news.py
openbb_platform/providers/tmx/openbb_tmx/models/equity_historical.py
openbb_platform/providers/tmx/openbb_tmx/models/equity_profile.py
openbb_platform/providers/tmx/openbb_tmx/models/equity_quote.py
openbb_platform/providers/tmx/openbb_tmx/models/equity_search.py
openbb_platform/providers/tmx/openbb_tmx/models/etf_countries.py
openbb_platform/providers/tmx/openbb_tmx/models/etf_holdings.py
openbb_platform/providers/tmx/openbb_tmx/models/etf_info.py
openbb_platform/providers/tmx/openbb_tmx/models/etf_search.py
openbb_platform/providers/tmx/openbb_tmx/models/etf_sectors.py
openbb_platform/providers/tmx/openbb_tmx/models/gainers.py
openbb_platform/providers/tmx/openbb_tmx/models/historical_dividends.py
openbb_platform/providers/tmx/openbb_tmx/models/index_constituents.py
openbb_platform/providers/tmx/openbb_tmx/models/index_sectors.py
openbb_platform/providers/tmx/openbb_tmx/models/index_snapshots.py
openbb_platform/providers/tmx/openbb_tmx/models/insider_trading.py
openbb_platform/providers/tmx/openbb_tmx/models/options_chains.py
openbb_platform/providers/tmx/openbb_tmx/models/price_target_consensus.py
openbb_platform/providers/tmx/openbb_tmx/models/treasury_prices.py
openbb_platform/providers/tmx/openbb_tmx/utils/__init__.py
openbb_platform/providers/tmx/openbb_tmx/utils/gql.py
openbb_platform/providers/tmx/openbb_tmx/utils/helpers.py
openbb_platform/providers/tmx/tests/__init__.py
openbb_platform/providers/tmx/tests/test_tmx_fetchers.py
openbb_platform/providers/tmx/tests/record/http/test_tmx_fetchers/test_tmx_available_indices_fetcher_urllib3_v2.yaml
openbb_platform/providers/tmx/tests/record/http/test_tmx_fetchers/test_tmx_bond_prices_fetcher_urllib3_v2.yaml
openbb_platform/providers/tmx/tests/record/http/test_tmx_fetchers/test_tmx_calendar_earnings_fetcher_urllib3_v2.yaml
openbb_platform/providers/tmx/tests/record/http/test_tmx_fetchers/test_tmx_company_filings_fetcher_urllib3_v2.yaml
openbb_platform/providers/tmx/tests/record/http/test_tmx_fetchers/test_tmx_company_news_fetcher_urllib3_v2.yaml
openbb_platform/providers/tmx/tests/record/http/test_tmx_fetchers/test_tmx_equity_historical_fetcher_urllib3_v2.yaml
openbb_platform/providers/tmx/tests/record/http/test_tmx_fetchers/test_tmx_equity_profile_fetcher_urllib3_v2.yaml
openbb_platform/providers/tmx/tests/record/http/test_tmx_fetchers/test_tmx_equity_quote_fetcher_urllib3_v2.yaml
openbb_platform/providers/tmx/tests/record/http/test_tmx_fetchers/test_tmx_equity_search_fetcher_urllib3_v2.yaml
openbb_platform/providers/tmx/tests/record/http/test_tmx_fetchers/test_tmx_etf_countries_fetcher_urllib3_v2.yaml
openbb_platform/providers/tmx/tests/record/http/test_tmx_fetchers/test_tmx_etf_holdings_fetcher_urllib3_v2.yaml
openbb_platform/providers/tmx/tests/record/http/test_tmx_fetchers/test_tmx_etf_info_fetcher_urllib3_v2.yaml
openbb_platform/providers/tmx/tests/record/http/test_tmx_fetchers/test_tmx_etf_search_fetcher_urllib3_v2.yaml
openbb_platform/providers/tmx/tests/record/http/test_tmx_fetchers/test_tmx_etf_sectors_fetcher_urllib3_v2.yaml
openbb_platform/providers/tmx/tests/record/http/test_tmx_fetchers/test_tmx_gainers_fetcher_urllib3_v2.yaml
openbb_platform/providers/tmx/tests/record/http/test_tmx_fetchers/test_tmx_historical_dividends_fetcher_urllib3_v2.yaml
openbb_platform/providers/tmx/tests/record/http/test_tmx_fetchers/test_tmx_index_constituents_fetcher_urllib3_v2.yaml
openbb_platform/providers/tmx/tests/record/http/test_tmx_fetchers/test_tmx_index_sectors_fetcher_urllib3_v2.yaml
openbb_platform/providers/tmx/tests/record/http/test_tmx_fetchers/test_tmx_index_snapshots_fetcher_urllib3_v2.yaml
openbb_platform/providers/tmx/tests/record/http/test_tmx_fetchers/test_tmx_insider_trading_fetcher_urllib3_v2.yaml
openbb_platform/providers/tmx/tests/record/http/test_tmx_fetchers/test_tmx_options_chains_fetcher_urllib3_v2.yaml
openbb_platform/providers/tmx/tests/record/http/test_tmx_fetchers/test_tmx_price_target_consensus_fetcher_urllib3_v2.yaml
openbb_platform/providers/tmx/tests/record/http/test_tmx_fetchers/test_tmx_treasury_prices_fetcher_urllib3_v2.yaml
openbb_platform/providers/tradier/README.md
openbb_platform/providers/tradier/__init__.py
openbb_platform/providers/tradier/poetry.lock
openbb_platform/providers/tradier/pyproject.toml
openbb_platform/providers/tradier/openbb_tradier/__init__.py
openbb_platform/providers/tradier/openbb_tradier/py.typed
openbb_platform/providers/tradier/openbb_tradier/models/__init__.py
openbb_platform/providers/tradier/openbb_tradier/models/equity_historical.py
openbb_platform/providers/tradier/openbb_tradier/models/equity_quote.py
openbb_platform/providers/tradier/openbb_tradier/models/equity_search.py
openbb_platform/providers/tradier/openbb_tradier/models/options_chains.py
openbb_platform/providers/tradier/openbb_tradier/utils/__init__.py
openbb_platform/providers/tradier/openbb_tradier/utils/constants.py
openbb_platform/providers/tradier/tests/__init__.py
openbb_platform/providers/tradier/tests/test_tradier_fetchers.py
openbb_platform/providers/tradier/tests/record/http/test_tradier_fetchers/test_tradier_derivatives_options_chains_fetcher_urllib3_v2.yaml
openbb_platform/providers/tradier/tests/record/http/test_tradier_fetchers/test_tradier_equity_historical_fetcher_urllib3_v2.yaml
openbb_platform/providers/tradier/tests/record/http/test_tradier_fetchers/test_tradier_equity_quote_fetcher_urllib3_v2.yaml
openbb_platform/providers/tradier/tests/record/http/test_tradier_fetchers/test_tradier_equity_search_fetcher_urllib3_v2.yaml
openbb_platform/providers/tradingeconomics/README.md
openbb_platform/providers/tradingeconomics/__init__.py
openbb_platform/providers/tradingeconomics/poetry.lock
openbb_platform/providers/tradingeconomics/pyproject.toml
openbb_platform/providers/tradingeconomics/openbb_tradingeconomics/__init__.py
openbb_platform/providers/tradingeconomics/openbb_tradingeconomics/models/economic_calendar.py
openbb_platform/providers/tradingeconomics/openbb_tradingeconomics/utils/countries.py
openbb_platform/providers/tradingeconomics/openbb_tradingeconomics/utils/helpers.py
openbb_platform/providers/tradingeconomics/openbb_tradingeconomics/utils/url_generator.py
openbb_platform/providers/tradingeconomics/tests/test_tradingeconomics_fetchers.py
openbb_platform/providers/tradingeconomics/tests/test_url_generator.py
openbb_platform/providers/tradingeconomics/tests/record/http/test_tradingeconomics_fetchers/test_tradingeconomics_economic_calendar_fetcher_urllib3_v2.yaml
openbb_platform/providers/wsj/README.md
openbb_platform/providers/wsj/__init__.py
openbb_platform/providers/wsj/poetry.lock
openbb_platform/providers/wsj/pyproject.toml
openbb_platform/providers/wsj/openbb_wsj/__init__.py
openbb_platform/providers/wsj/openbb_wsj/models/active.py
openbb_platform/providers/wsj/openbb_wsj/models/gainers.py
openbb_platform/providers/wsj/openbb_wsj/models/losers.py
openbb_platform/providers/wsj/tests/test_wsj_fetchers.py
openbb_platform/providers/wsj/tests/record/http/test_wsj_fetchers/test_wsj_active_fetcher_urllib3_v2.yaml
openbb_platform/providers/wsj/tests/record/http/test_wsj_fetchers/test_wsj_gainers_fetcher_urllib3_v2.yaml
openbb_platform/providers/wsj/tests/record/http/test_wsj_fetchers/test_wsj_losers_fetcher_urllib3_v2.yaml
openbb_platform/providers/yfinance/README.md
openbb_platform/providers/yfinance/__init__.py
openbb_platform/providers/yfinance/poetry.lock
openbb_platform/providers/yfinance/pyproject.toml
openbb_platform/providers/yfinance/openbb_yfinance/__init__.py
openbb_platform/providers/yfinance/openbb_yfinance/py.typed
openbb_platform/providers/yfinance/openbb_yfinance/models/__init__.py
openbb_platform/providers/yfinance/openbb_yfinance/models/active.py
openbb_platform/providers/yfinance/openbb_yfinance/models/aggressive_small_caps.py
openbb_platform/providers/yfinance/openbb_yfinance/models/available_indices.py
openbb_platform/providers/yfinance/openbb_yfinance/models/balance_sheet.py
openbb_platform/providers/yfinance/openbb_yfinance/models/cash_flow.py
openbb_platform/providers/yfinance/openbb_yfinance/models/company_news.py
openbb_platform/providers/yfinance/openbb_yfinance/models/crypto_historical.py
openbb_platform/providers/yfinance/openbb_yfinance/models/currency_historical.py
openbb_platform/providers/yfinance/openbb_yfinance/models/equity_historical.py
openbb_platform/providers/yfinance/openbb_yfinance/models/equity_profile.py
openbb_platform/providers/yfinance/openbb_yfinance/models/equity_quote.py
openbb_platform/providers/yfinance/openbb_yfinance/models/equity_screener.py
openbb_platform/providers/yfinance/openbb_yfinance/models/etf_info.py
openbb_platform/providers/yfinance/openbb_yfinance/models/futures_curve.py
openbb_platform/providers/yfinance/openbb_yfinance/models/futures_historical.py
openbb_platform/providers/yfinance/openbb_yfinance/models/gainers.py
openbb_platform/providers/yfinance/openbb_yfinance/models/growth_tech_equities.py
openbb_platform/providers/yfinance/openbb_yfinance/models/historical_dividends.py
openbb_platform/providers/yfinance/openbb_yfinance/models/income_statement.py
openbb_platform/providers/yfinance/openbb_yfinance/models/index_historical.py
openbb_platform/providers/yfinance/openbb_yfinance/models/key_executives.py
openbb_platform/providers/yfinance/openbb_yfinance/models/key_metrics.py
openbb_platform/providers/yfinance/openbb_yfinance/models/losers.py
openbb_platform/providers/yfinance/openbb_yfinance/models/options_chains.py
openbb_platform/providers/yfinance/openbb_yfinance/models/price_target_consensus.py
openbb_platform/providers/yfinance/openbb_yfinance/models/share_statistics.py
openbb_platform/providers/yfinance/openbb_yfinance/models/undervalued_growth_equities.py
openbb_platform/providers/yfinance/openbb_yfinance/models/undervalued_large_caps.py
openbb_platform/providers/yfinance/openbb_yfinance/utils/__init__.py
openbb_platform/providers/yfinance/openbb_yfinance/utils/futures.csv
openbb_platform/providers/yfinance/openbb_yfinance/utils/helpers.py
openbb_platform/providers/yfinance/openbb_yfinance/utils/references.py
openbb_platform/providers/yfinance/tests/__init__.py
openbb_platform/providers/yfinance/tests/test_yfinance_fetchers.py
openbb_platform/providers/yfinance/tests/test_yfinance_helpers.py
openbb_platform/providers/yfinance/tests/record/curl/test_yfinance_fetchers/test_y_finance_active_fetcher_curl.yaml
openbb_platform/providers/yfinance/tests/record/curl/test_yfinance_fetchers/test_y_finance_aggressive_small_caps_fetcher_curl.yaml
openbb_platform/providers/yfinance/tests/record/curl/test_yfinance_fetchers/test_y_finance_balance_sheet_fetcher_curl.yaml
openbb_platform/providers/yfinance/tests/record/curl/test_yfinance_fetchers/test_y_finance_cash_flow_statement_fetcher_curl.yaml
openbb_platform/providers/yfinance/tests/record/curl/test_yfinance_fetchers/test_y_finance_company_news_fetcher_curl.yaml
openbb_platform/providers/yfinance/tests/record/curl/test_yfinance_fetchers/test_y_finance_crypto_historical_fetcher_curl.yaml
openbb_platform/providers/yfinance/tests/record/curl/test_yfinance_fetchers/test_y_finance_currency_historical_fetcher_curl.yaml
openbb_platform/providers/yfinance/tests/record/curl/test_yfinance_fetchers/test_y_finance_equity_historical_fetcher_curl.yaml
openbb_platform/providers/yfinance/tests/record/curl/test_yfinance_fetchers/test_y_finance_equity_profile_fetcher_curl.yaml
openbb_platform/providers/yfinance/tests/record/curl/test_yfinance_fetchers/test_y_finance_equity_quote_fetcher_curl.yaml
openbb_platform/providers/yfinance/tests/record/curl/test_yfinance_fetchers/test_y_finance_equity_screener_fetcher_curl.yaml
openbb_platform/providers/yfinance/tests/record/curl/test_yfinance_fetchers/test_y_finance_etf_info_fetcher_curl.yaml
openbb_platform/providers/yfinance/tests/record/curl/test_yfinance_fetchers/test_y_finance_futures_historical_fetcher_curl.yaml
openbb_platform/providers/yfinance/tests/record/curl/test_yfinance_fetchers/test_y_finance_gainers_fetcher_curl.yaml
openbb_platform/providers/yfinance/tests/record/curl/test_yfinance_fetchers/test_y_finance_growth_tech_equities_fetcher_curl.yaml
openbb_platform/providers/yfinance/tests/record/curl/test_yfinance_fetchers/test_y_finance_historical_dividends_fetcher_curl.yaml
openbb_platform/providers/yfinance/tests/record/curl/test_yfinance_fetchers/test_y_finance_income_statement_fetcher_curl.yaml
openbb_platform/providers/yfinance/tests/record/curl/test_yfinance_fetchers/test_y_finance_index_historical_fetcher_curl.yaml
openbb_platform/providers/yfinance/tests/record/curl/test_yfinance_fetchers/test_y_finance_key_executives_fetcher_curl.yaml
openbb_platform/providers/yfinance/tests/record/curl/test_yfinance_fetchers/test_y_finance_key_metrics_fetcher_curl.yaml
openbb_platform/providers/yfinance/tests/record/curl/test_yfinance_fetchers/test_y_finance_losers_fetcher_curl.yaml
openbb_platform/providers/yfinance/tests/record/curl/test_yfinance_fetchers/test_y_finance_options_chains_fetcher_curl.yaml
openbb_platform/providers/yfinance/tests/record/curl/test_yfinance_fetchers/test_y_finance_price_target_consensus_fetcher_curl.yaml
openbb_platform/providers/yfinance/tests/record/curl/test_yfinance_fetchers/test_y_finance_share_statistics_fetcher_curl.yaml
openbb_platform/providers/yfinance/tests/record/curl/test_yfinance_fetchers/test_y_finance_undervalued_growth_equities_fetcher_curl.yaml
openbb_platform/providers/yfinance/tests/record/curl/test_yfinance_fetchers/test_y_finance_undervalued_large_caps_fetcher_curl.yaml
openbb_platform/tests/test_auto_build.py
openbb_platform/tests/test_extension_map.py
openbb_platform/tests/test_pyproject_toml.py
